{"content":[{"id":"3995d927","settings":{"gap":"no","structure":"20","margin":{"unit":"px","top":"80","right":"0","bottom":"165","left":"0","isLinked":""},"padding":{"unit":"px","top":"0","right":"35","bottom":"0","left":"35","isLinked":""},"margin_mobile":{"unit":"px","top":"80","right":"0","bottom":"100","left":"0","isLinked":""}},"elements":[{"id":"47eb004c","settings":{"_column_size":"50","_inline_size_tablet":"100","content_position":"center","align":"space-between","align_tablet":"center","margin_tablet":{"unit":"px","top":"0","right":"0","bottom":"60","left":"0","isLinked":""},"padding":{"unit":"%","top":"0","right":"10","bottom":"0","left":"0","isLinked":""},"padding_tablet":{"unit":"px","top":"0","right":"0","bottom":"0","left":"0","isLinked":""}},"elements":[{"id":"455fd220","settings":{"title":"Why Choose Us","title_tag":"h5","divider":"","title_secondary_before":"an exceptionally unique experience tailored to you","title_typography_typography":"custom","title_typography_font_size":{"unit":"px","size":"20","sizes":[]},"title_typography_font_weight":"bold","title_typography_line_height":{"unit":"em","size":"3.75","sizes":[]},"title2_typography_typography":"custom","title2_typography_font_size":{"unit":"px","size":"50","sizes":[]},"title2_typography_font_weight":"bold","title2_typography_text_transform":"capitalize","title2_typography_line_height":{"unit":"em","size":"1.3","sizes":[]},"description_typography_typography":"custom","description_typography_font_size":{"unit":"px","size":"16","sizes":[]},"description_typography_font_weight":"500","description_typography_line_height":{"unit":"em","size":"1.5","sizes":[]},"description_width":{"unit":"px","size":"420","sizes":[]},"__globals__":{"title_color":"globals\/colors?id=secondary","title2_color":"globals\/colors?id=text","description_color":"globals\/colors?id=accent"},"title_tag_secondary":"h2","title_margin":{"unit":"px","top":"0","right":"0","bottom":"-10","left":"0","isLinked":""},"_margin":{"unit":"px","top":"0","right":"0","bottom":"50","left":"0","isLinked":""},"alignment_tablet":"center","description":"<p>We are idea generators, goal seekers, challenge-thirsty professionals, creators of unique Internet projects. We deliver unconventional solutions<\/p>","title2_width":{"unit":"px","size":"432","sizes":[]},"title_typography_font_size_mobile":{"unit":"px","size":"16","sizes":[]},"title2_typography_font_size_tablet":{"unit":"px","size":"40","sizes":[]},"title2_typography_font_size_mobile":{"unit":"px","size":"30","sizes":[]},"title2_width_mobile":{"unit":"px","size":"300","sizes":[]},"aux_animation_name":"aux-fade-in-up-1","aux_animation_duration":1500,"aux_animation_easing":"0.165,0.84,0.44,1"},"elements":[],"isInner":false,"widgetType":"aux_modern_heading","elType":"widget"},{"id":"11d4c5a2","settings":{"icon_or_image":"inline-svg","svg_inline":"<svg xmlns=\"http:\/\/www.w3.org\/2000\/svg\" width=\"33.047\" height=\"20.992\" viewBox=\"0 0 33.047 20.992\"><path d=\"M3.172,61.291q.627.358,3.78,2.125t4.832,2.721q.184.1.784.455t1,.567q.4.216.959.484a6.248,6.248,0,0,0,1.06.4,3.549,3.549,0,0,0,.922.134h.037a3.552,3.552,0,0,0,.922-.134,6.254,6.254,0,0,0,1.06-.4q.562-.269.959-.484t1-.567q.6-.351.784-.455,1.7-.954,8.631-4.846a8.118,8.118,0,0,0,2.25-1.834,3.453,3.453,0,0,0,.9-2.251,2.1,2.1,0,0,0-.876-1.685,3.22,3.22,0,0,0-2.075-.7H2.951A2.935,2.935,0,0,0,.765,55.6,2.648,2.648,0,0,0,0,57.533a3.142,3.142,0,0,0,1.014,2.035A8.556,8.556,0,0,0,3.172,61.291Z\" transform=\"translate(0 -54.82)\" fill=\"#fff\" \/><path d=\"M31.2,185.734q-6.048,3.31-9.184,5.144-1.051.626-1.706.976a11.636,11.636,0,0,1-1.743.716,6.388,6.388,0,0,1-2.028.365h-.037a6.391,6.391,0,0,1-2.029-.365,11.642,11.642,0,0,1-1.743-.716q-.654-.35-1.706-.976-2.49-1.476-9.165-5.144A9.5,9.5,0,0,1,0,184.437v11.837a2.1,2.1,0,0,0,.867,1.685,3.21,3.21,0,0,0,2.084.7H30.1a3.21,3.21,0,0,0,2.084-.7,2.1,2.1,0,0,0,.867-1.685V184.437A9.863,9.863,0,0,1,31.2,185.734Z\" transform=\"translate(0 -177.668)\" fill=\"#fff\" \/><\/svg>\r\n","title":"Minimal Design","content":"<p>There are many variations passages of Lorem Ipsum majority\u00a0<\/p>","display_button":"","btn_label":"Read More","icon_padding":{"unit":"px","top":"14","right":"16","bottom":"14","left":"16","isLinked":""},"img_shape":"circle","title_typography_typography":"custom","title_typography_font_size":{"unit":"px","size":"20","sizes":[]},"title_typography_font_weight":"bold","title_typography_text_transform":"capitalize","title_typography_line_height":{"unit":"em","size":"1.25","sizes":[]},"content_typography_typography":"custom","content_typography_font_size":{"unit":"px","size":"16","sizes":[]},"content_typography_font_weight":"500","content_typography_line_height":{"unit":"em","size":"1.5","sizes":[]},"text_align":"left","wrapper_content_border_radius":{"unit":"px","top":"","right":"","bottom":"","left":"","isLinked":"1"},"wrapper_content_background_hover_background":"classic","wrapper_content_transition":{"unit":"px","size":"300","sizes":[]},"custom_css":"selector .aux-ico-box {\n    background-color: var( --e-global-color-secondary );\n    border-radius: 50px;\n    box-shadow: -5px 15px 30px rgb(253,52,110,0.3);\n   \n    transition: all 300ms ease-out;\n}\n@media only screen and (min-width:1025px){\n    selector .aux-widget-text .aux-ico-box{\n        margin:unset;\n    }\n}\nselector .aux-ico-box svg{\n    max-width: 18px;\n}\nselector .aux-widget-text .aux-text-widget-header {\n    padding-top: 0;\n}\nselector .aux-widget-text .aux-text-widget-content{\n    padding-bottom: 0; \n    padding-top: 26px;\n    max-width: 283px;\n}\n@media only screen and (max-width:1350px) and (min-width:1025px){\n    selector .aux-widget-text .aux-text-widget-content{\n    max-width:180px!important;\n}\n}","__globals__":{"wrapper_content_background_hover_color":"","title_color":"globals\/colors?id=text","content_color":"globals\/colors?id=accent"},"title_typography_font_size_tablet":{"unit":"px","size":"25","sizes":[]},"icon_size":{"unit":"%","size":"","sizes":[]},"text_align_tablet":"center","_margin_tablet":{"unit":"px","top":"0","right":"30","bottom":"0","left":"0","isLinked":""},"_margin_mobile":{"unit":"px","top":"0","right":"20","bottom":"40","left":"20","isLinked":""},"_element_width":"auto","title_typography_font_size_mobile":{"unit":"px","size":"20","sizes":[]},"aux_animation_name":"aux-scale-down","aux_animation_duration":1500,"aux_animation_delay":500,"aux_animation_easing":"0.165,0.84,0.44,1"},"elements":[],"isInner":false,"widgetType":"aux_text","elType":"widget"},{"id":"6e6cf6b8","settings":{"icon_or_image":"inline-svg","svg_inline":"<svg xmlns=\"http:\/\/www.w3.org\/2000\/svg\" width=\"26.536\" height=\"30.733\" viewBox=\"0 0 26.536 30.733\"><g transform=\"translate(3.075)\"><g transform=\"translate(0)\"><path d=\"M88.458,5.185V4.148a4.184,4.184,0,0,0-8.368.036v1a10.217,10.217,0,0,0-6.008,9.3v3.4H94.466V14.662A10.553,10.553,0,0,0,88.458,5.185Z\" transform=\"translate(-74.082)\" fill=\"#fff\" \/><\/g><\/g><g transform=\"translate(0 19.668)\"><g transform=\"translate(0)\"><path d=\"M54.475,281.6H32.16a6.97,6.97,0,0,0-2.11,5.042v.858a1.152,1.152,0,0,0,1.144,1.144h7.081a5.17,5.17,0,0,0,10.085,0H55.44a1.152,1.152,0,0,0,1.144-1.144v-.858A6.832,6.832,0,0,0,54.475,281.6Z\" transform=\"translate(-30.05 -281.6)\" fill=\"#fff\" \/><\/g><\/g><\/svg>","title":"Best Material","content":"<p>There are many variations passages of Lorem Ipsum majority\u00a0<\/p>","display_button":"","btn_label":"Read More","icon_padding":{"unit":"px","top":"10","right":"17.5","bottom":"10","left":"16.5","isLinked":""},"img_shape":"circle","title_typography_typography":"custom","title_typography_font_size":{"unit":"px","size":"20","sizes":[]},"title_typography_font_weight":"bold","title_typography_text_transform":"capitalize","title_typography_line_height":{"unit":"em","size":"1.25","sizes":[]},"content_typography_typography":"custom","content_typography_font_size":{"unit":"px","size":"16","sizes":[]},"content_typography_font_weight":"500","content_typography_line_height":{"unit":"em","size":"1.5","sizes":[]},"text_align":"left","wrapper_content_border_radius":{"unit":"px","top":"","right":"","bottom":"","left":"","isLinked":"1"},"wrapper_content_background_hover_background":"classic","wrapper_content_transition":{"unit":"px","size":"300","sizes":[]},"custom_css":"selector .aux-ico-box {\n    background-color: var( --e-global-color-secondary );\n    border-radius: 50px;\n    box-shadow: -5px 15px 30px rgb(253,52,110,0.3);\n    transition: all 300ms ease-out;\n}\n@media only screen and (min-width:1025px){\n    selector .aux-widget-text .aux-ico-box{\n        margin:unset;\n    }\n}\nselector .aux-ico-box svg{\n    max-width: 15.5px;\n}\nselector .aux-widget-text .aux-text-widget-header {\n    padding-top: 0;\n}\nselector .aux-widget-text .aux-text-widget-content{\n    padding-bottom: 0; \n    padding-top: 26px;\n    max-width: 283px;\n}\n@media only screen and (max-width:1350px) and (min-width:1025px){\n    selector .aux-widget-text .aux-text-widget-content{\n    max-width: 180px;\n}\n}","__globals__":{"wrapper_content_background_hover_color":"","title_color":"globals\/colors?id=text","content_color":"globals\/colors?id=accent"},"title_typography_font_size_tablet":{"unit":"px","size":"25","sizes":[]},"text_align_tablet":"center","_margin_tablet":{"unit":"px","top":"0","right":"0","bottom":"0","left":"30","isLinked":""},"_margin_mobile":{"unit":"px","top":"0","right":"20","bottom":"40","left":"20","isLinked":""},"_element_width":"auto","title_typography_font_size_mobile":{"unit":"px","size":"20","sizes":[]},"aux_animation_name":"aux-scale-down","aux_animation_duration":1500,"aux_animation_delay":700,"aux_animation_easing":"0.165,0.84,0.44,1"},"elements":[],"isInner":false,"widgetType":"aux_text","elType":"widget"}],"isInner":"","elType":"column"},{"id":"53f219c8","settings":{"_column_size":"50","_inline_size_tablet":"100","content_position":"center"},"elements":[{"id":"43a2f7fe","settings":{"image":{"url":"https:\/\/wp22.nayyarshaikh.com\/wp-content\/uploads\/2020\/11\/Group-29.png","id":"51"},"image_size":"full","ribbon_text":"NEW","_element_width":"auto","aux_position_type":"absolute","aux_position_top":{"unit":"px","size":"-20","sizes":[]},"aux_position_right":{"unit":"px","size":"-30","sizes":[]},"hide_mobile":"hidden-phone","custom_css":"@media only screen and (max-width:1400px) and (min-width:1025px){\n    selector {\n        top:10%;\n    }\n    \n}","aux_animation_name":"aux-slide-from-top","aux_animation_duration":2000,"aux_animation_easing":"0.77,0,0.175,1"},"elements":[],"isInner":false,"widgetType":"aux_image","elType":"widget"},{"id":"5c326e13","settings":{"image":{"url":"https:\/\/wp22.nayyarshaikh.com\/wp-content\/uploads\/2020\/11\/Group-9279.png","id":"56"},"image_size":"full","ribbon_text":"NEW","_element_width":"auto","aux_position_type":"absolute","aux_position_top":{"unit":"%","size":"85","sizes":[]},"aux_position_top_tablet":{"unit":"%","size":"","sizes":[]},"aux_position_top_mobile":{"unit":"%","size":"","sizes":[]},"aux_position_left":{"unit":"px","size":"-20","sizes":[]},"aux_position_left_tablet":{"unit":"px","size":"40","sizes":[]},"aux_position_left_mobile":{"unit":"px","size":"-20","sizes":[]},"custom_css":"@media only screen and (max-width:1250px) and (min-width:1025px){\n    selector {\n        top:75%;\n    }\n    \n}","hide_mobile":"hidden-phone","aux_position_bottom_mobile":{"unit":"px","size":"30","sizes":[]},"aux_parallax_anims_enable":"yes","aux_parallax_in_anims":"slideTop","aux_parallax_animation_easing":"0.165,0.84,0.44,1","aux_animation_name":"aux-fade-in","aux_animation_duration":2500,"aux_animation_easing":"0.25,0.46,0.45,0.94"},"elements":[],"isInner":false,"widgetType":"aux_image","elType":"widget"},{"id":"4d1e6be","settings":{"image":{"url":"https:\/\/wp22.nayyarshaikh.com\/wp-content\/uploads\/2020\/11\/749.png","id":"43"},"image_size":"full","ribbon_text":"NEW","image_border_radius":{"unit":"px","top":"20","right":"20","bottom":"20","left":"20","isLinked":"1"},"aux_parallax_anims_enable":"yes","aux_parallax_out_anims":"moveHorizontal","aux_parallax_horizontal_transform":{"unit":"px","size":-20,"sizes":[]},"aux_parallax_animation_easing":"0.165,0.84,0.44,1","aux_animation_name":"aux-fade-in-left-1","aux_animation_duration":2500,"aux_animation_easing":"0.77,0,0.175,1"},"elements":[],"isInner":false,"widgetType":"aux_image","elType":"widget"},{"id":"25cb01f2","settings":{"image":{"url":"https:\/\/wp22.nayyarshaikh.com\/wp-content\/uploads\/2020\/11\/873.jpg","id":"42"},"image_size":"full","ribbon_text":"NEW","image_border_radius":{"unit":"px","top":"20","right":"20","bottom":"20","left":"20","isLinked":"1"},"aux_parallax_anims_enable":"yes","aux_parallax_out_anims":"moveHorizontal","aux_parallax_horizontal_transform":{"unit":"px","size":20,"sizes":[]},"aux_parallax_vertical_transform":{"unit":"px","size":"","sizes":[]},"aux_parallax_animation_easing":"0.165,0.84,0.44,1","aux_animation_name":"aux-fade-in-right-1","aux_animation_duration":2500,"aux_animation_easing":"0.77,0,0.175,1"},"elements":[],"isInner":false,"widgetType":"aux_image","elType":"widget"}],"isInner":"","elType":"column"}],"isInner":"","elType":"section"},{"id":"2ca70272","settings":{"gap":"no","padding":{"unit":"px","top":"0","right":"35","bottom":"0","left":"35","isLinked":""},"margin":{"unit":"px","top":"0","right":"0","bottom":"100","left":"0","isLinked":""}},"elements":[{"id":"341a9200","settings":{"_column_size":"100"},"elements":[{"id":"3238fbb8","settings":{"title":"Our team","title_tag":"h5","divider":"","title_secondary_before":"meet the minds shaping an industry","title_typography_typography":"custom","title_typography_font_size":{"unit":"px","size":"20","sizes":[]},"title_typography_font_weight":"500","title_typography_line_height":{"unit":"em","size":"3.75","sizes":[]},"title_typography_letter_spacing":{"unit":"px","size":"-0.4","sizes":[]},"title2_typography_typography":"custom","title2_typography_font_size":{"unit":"px","size":"50","sizes":[]},"title2_typography_font_weight":"bold","title2_typography_text_transform":"capitalize","title2_typography_line_height":{"unit":"em","size":"1.3","sizes":[]},"description_typography_typography":"custom","description_typography_font_size":{"unit":"px","size":"16","sizes":[]},"description_typography_font_weight":"500","description_typography_line_height":{"unit":"em","size":"1.5","sizes":[]},"description_width":{"unit":"px","size":"485","sizes":[]},"__globals__":{"title_color":"globals\/colors?id=secondary","title2_color":"globals\/colors?id=text","description_color":"globals\/colors?id=accent"},"title_tag_secondary":"h2","title_margin":{"unit":"px","top":"0","right":"0","bottom":"-10","left":"0","isLinked":""},"_margin":{"unit":"px","top":"0","right":"0","bottom":"50","left":"0","isLinked":""},"alignment":"center","title2_width":{"unit":"px","size":"600","sizes":[]},"title_typography_font_size_mobile":{"unit":"px","size":"16","sizes":[]},"title2_typography_font_size_tablet":{"unit":"px","size":"40","sizes":[]},"title2_typography_font_size_mobile":{"unit":"px","size":"30","sizes":[]},"title2_width_tablet":{"unit":"px","size":"465","sizes":[]},"title2_width_mobile":{"unit":"px","size":"290","sizes":[]},"aux_animation_name":"aux-scale-down","aux_animation_duration":2000,"aux_animation_easing":"0.165,0.84,0.44,1"},"elements":[],"isInner":false,"widgetType":"aux_modern_heading","elType":"widget"},{"id":"47b870be","settings":{"gap":"no","structure":"40","margin":{"unit":"px","top":"","right":"0","bottom":"","left":"0","isLinked":"1"},"custom_css":"selector .aux-staff-content{\r\n    display: flex;\r\n    flex-direction: column;\r\n    position: absolute;\r\n    bottom: 0;\r\n    opacity:0;\r\n    transition: all 300ms ease-out;\r\n}\r\nselector .col-subtitle{\r\n    order:1;\r\n}\r\n\r\nselector .col-title{\r\n    order:2;\r\n}\r\nselector .aux-staff-footer{\r\n    order:3;\r\n}\r\nselector .aux-media-image img{\r\n    border-radius: 20px;\r\n    width:100%;\r\n}\r\nselector .aux-social-list li{\r\n    padding-right: 10px;\r\n}\r\nselector .aux-media-image:before{\r\n   content: '';\r\n    width: 100%;\r\n    height: 100%;\r\n    background-image: linear-gradient(180deg,#02060800 0%,#020608 100%);\r\n    position: absolute;\r\n    border-radius:20px;\r\n    opacity: 0;\r\n    transition: all 300ms ease-out;\r\n}\r\nselector .aux-staff-container:hover .aux-media-image:before,selector .aux-staff-container:hover .aux-staff-content{\r\n    opacity: 1;\r\n}\r\n@media only screen and (max-width:1150px) and (min-width:1025px){\r\n    selector .col-title{\r\n        font-size:18px;\r\n    }\r\n}\r\nselector .elementor-widget-wrap .elementor-element.elementor-widget__width-auto{\r\n    width: 100%\r\n}"},"elements":[{"id":"2560931c","settings":{"_column_size":"25","align":"center","margin":{"unit":"px","top":"0","right":"15","bottom":"30","left":"15","isLinked":""},"_inline_size_tablet":"50","margin_mobile":{"unit":"px","top":"0","right":"0","bottom":"30","left":"0","isLinked":""}},"elements":[{"id":"736a6d41","settings":{"title":"Andrew Robinson","subtitle":"Vice President","staff_img":{"url":"https:\/\/wp22.nayyarshaikh.com\/wp-content\/uploads\/2020\/11\/634.jpg","id":"38"},"img_shape":"rect","socials":"yes","social_twitter":{"url":"#","is_external":"","nofollow":"","custom_attributes":""},"social_facebook":{"url":"#","is_external":"","nofollow":"","custom_attributes":""},"social_instagram":{"url":"#","is_external":"","nofollow":"","custom_attributes":""},"social_linkedin":{"url":"#","is_external":"","nofollow":"","custom_attributes":""},"_element_width":"auto","title_color":"#FFFFFF","title_typography_typography":"custom","title_typography_font_size":{"unit":"px","size":"20","sizes":[]},"title_typography_font_weight":"bold","title_typography_line_height":{"unit":"em","size":"1.25","sizes":[]},"title_margin_top":{"unit":"px","size":"0","sizes":[]},"title_margin_bottom":{"unit":"px","size":"10","sizes":[]},"subtitle_color":"#FFFFFFBF","subtitle_typography_typography":"custom","subtitle_typography_font_size":{"unit":"px","size":"16","sizes":[]},"subtitle_typography_text_transform":"capitalize","subtitle_typography_font_style":"normal","subtitle_typography_line_height":{"unit":"em","size":"1.5","sizes":[]},"socials_color":"#FFFFFF","icon_size":"aux-small","socials_separator_border":"solid","socials_separator_width":{"unit":"px","top":"0","right":"0","bottom":"0","left":"0","isLinked":"1"},"socials_padding":{"unit":"px","top":"0","right":"0","bottom":"0","left":"0","isLinked":""},"wrapper_content_padding":{"unit":"px","top":"0","right":"0","bottom":"45","left":"38","isLinked":""},"__globals__":{"socials_hover_color":"globals\/colors?id=primary"},"aux_animation_name":"aux-fade-in-left-2","aux_animation_duration":2000,"aux_animation_delay":250},"elements":[],"isInner":false,"widgetType":"aux_staff","elType":"widget"}],"isInner":"1","elType":"column"},{"id":"7fa0b891","settings":{"_column_size":"25","align":"center","margin":{"unit":"px","top":"0","right":"15","bottom":"30","left":"15","isLinked":""},"_inline_size_tablet":"50","margin_mobile":{"unit":"px","top":"0","right":"0","bottom":"30","left":"0","isLinked":""}},"elements":[{"id":"7de06645","settings":{"title":"Sarah Willson","subtitle":"Vice President","staff_img":{"url":"https:\/\/wp22.nayyarshaikh.com\/wp-content\/uploads\/2020\/11\/13360.jpg","id":"41"},"img_shape":"rect","socials":"yes","social_twitter":{"url":"#","is_external":"","nofollow":"","custom_attributes":""},"social_facebook":{"url":"#","is_external":"","nofollow":"","custom_attributes":""},"social_instagram":{"url":"#","is_external":"","nofollow":"","custom_attributes":""},"social_linkedin":{"url":"#","is_external":"","nofollow":"","custom_attributes":""},"_element_width":"auto","title_color":"#FFFFFF","title_typography_typography":"custom","title_typography_font_size":{"unit":"px","size":"20","sizes":[]},"title_typography_font_weight":"bold","title_typography_line_height":{"unit":"em","size":"1.25","sizes":[]},"title_margin_top":{"unit":"px","size":"0","sizes":[]},"title_margin_bottom":{"unit":"px","size":"10","sizes":[]},"subtitle_color":"#FFFFFFBF","subtitle_typography_typography":"custom","subtitle_typography_font_size":{"unit":"px","size":"16","sizes":[]},"subtitle_typography_text_transform":"capitalize","subtitle_typography_font_style":"normal","subtitle_typography_line_height":{"unit":"em","size":"1.5","sizes":[]},"socials_color":"#FFFFFF","icon_size":"aux-small","socials_separator_border":"solid","socials_separator_width":{"unit":"px","top":"0","right":"0","bottom":"0","left":"0","isLinked":"1"},"socials_padding":{"unit":"px","top":"0","right":"0","bottom":"0","left":"0","isLinked":""},"wrapper_content_padding":{"unit":"px","top":"0","right":"0","bottom":"45","left":"38","isLinked":""},"__globals__":{"socials_hover_color":"globals\/colors?id=primary"},"aux_animation_name":"aux-fade-in-left-1","aux_animation_duration":2000,"aux_animation_easing":"0.165,0.84,0.44,1"},"elements":[],"isInner":false,"widgetType":"aux_staff","elType":"widget"}],"isInner":"1","elType":"column"},{"id":"3c06b217","settings":{"_column_size":"25","align":"center","margin":{"unit":"px","top":"0","right":"15","bottom":"30","left":"15","isLinked":""},"_inline_size_tablet":"50","margin_mobile":{"unit":"px","top":"0","right":"0","bottom":"30","left":"0","isLinked":""}},"elements":[{"id":"1e268f7d","settings":{"title":"Andrew Robinson","subtitle":"Vice President","staff_img":{"url":"https:\/\/wp22.nayyarshaikh.com\/wp-content\/uploads\/2020\/11\/12918.jpg","id":"40"},"img_shape":"rect","socials":"yes","social_twitter":{"url":"#","is_external":"","nofollow":"","custom_attributes":""},"social_facebook":{"url":"#","is_external":"","nofollow":"","custom_attributes":""},"social_instagram":{"url":"#","is_external":"","nofollow":"","custom_attributes":""},"social_linkedin":{"url":"#","is_external":"","nofollow":"","custom_attributes":""},"_element_width":"auto","title_color":"#FFFFFF","title_typography_typography":"custom","title_typography_font_size":{"unit":"px","size":"20","sizes":[]},"title_typography_font_weight":"bold","title_typography_line_height":{"unit":"em","size":"1.25","sizes":[]},"title_margin_top":{"unit":"px","size":"0","sizes":[]},"title_margin_bottom":{"unit":"px","size":"10","sizes":[]},"subtitle_color":"#FFFFFFBF","subtitle_typography_typography":"custom","subtitle_typography_font_size":{"unit":"px","size":"16","sizes":[]},"subtitle_typography_text_transform":"capitalize","subtitle_typography_font_style":"normal","subtitle_typography_line_height":{"unit":"em","size":"1.5","sizes":[]},"socials_color":"#FFFFFF","icon_size":"aux-small","socials_separator_border":"solid","socials_separator_width":{"unit":"px","top":"0","right":"0","bottom":"0","left":"0","isLinked":"1"},"socials_padding":{"unit":"px","top":"0","right":"0","bottom":"0","left":"0","isLinked":""},"wrapper_content_padding":{"unit":"px","top":"0","right":"0","bottom":"45","left":"38","isLinked":""},"__globals__":{"socials_hover_color":"globals\/colors?id=primary"},"aux_animation_name":"aux-fade-in-right-1","aux_animation_duration":2000,"aux_animation_easing":"0.165,0.84,0.44,1"},"elements":[],"isInner":false,"widgetType":"aux_staff","elType":"widget"}],"isInner":"1","elType":"column"},{"id":"7c1a490e","settings":{"_column_size":"25","align":"center","margin":{"unit":"px","top":"0","right":"15","bottom":"30","left":"15","isLinked":""},"_inline_size_tablet":"50","margin_mobile":{"unit":"px","top":"0","right":"0","bottom":"30","left":"0","isLinked":""}},"elements":[{"id":"6a33a0e","settings":{"title":"Andrew Robinson","subtitle":"Vice President","staff_img":{"url":"https:\/\/wp22.nayyarshaikh.com\/wp-content\/uploads\/2020\/11\/10470.jpg","id":"39"},"img_shape":"rect","socials":"yes","social_twitter":{"url":"#","is_external":"","nofollow":"","custom_attributes":""},"social_facebook":{"url":"#","is_external":"","nofollow":"","custom_attributes":""},"social_instagram":{"url":"#","is_external":"","nofollow":"","custom_attributes":""},"social_linkedin":{"url":"#","is_external":"","nofollow":"","custom_attributes":""},"_element_width":"auto","title_color":"#FFFFFF","title_typography_typography":"custom","title_typography_font_size":{"unit":"px","size":"20","sizes":[]},"title_typography_font_weight":"bold","title_typography_line_height":{"unit":"em","size":"1.25","sizes":[]},"title_margin_top":{"unit":"px","size":"0","sizes":[]},"title_margin_bottom":{"unit":"px","size":"10","sizes":[]},"subtitle_color":"#FFFFFFBF","subtitle_typography_typography":"custom","subtitle_typography_font_size":{"unit":"px","size":"16","sizes":[]},"subtitle_typography_text_transform":"capitalize","subtitle_typography_font_style":"normal","subtitle_typography_line_height":{"unit":"em","size":"1.5","sizes":[]},"socials_color":"#FFFFFF","icon_size":"aux-small","socials_separator_border":"solid","socials_separator_width":{"unit":"px","top":"0","right":"0","bottom":"0","left":"0","isLinked":"1"},"socials_padding":{"unit":"px","top":"0","right":"0","bottom":"0","left":"0","isLinked":""},"wrapper_content_padding":{"unit":"px","top":"0","right":"0","bottom":"45","left":"38","isLinked":""},"__globals__":{"socials_hover_color":"globals\/colors?id=primary"},"aux_animation_name":"aux-fade-in-right-2","aux_animation_duration":2000,"aux_animation_delay":250,"aux_animation_easing":"0.165,0.84,0.44,1"},"elements":[],"isInner":false,"widgetType":"aux_staff","elType":"widget"}],"isInner":"1","elType":"column"}],"isInner":"1","elType":"section"},{"id":"4fe55cc5","settings":{"gap":"no","structure":"40","margin":{"unit":"px","top":"","right":"0","bottom":"","left":"0","isLinked":"1"},"custom_css":"selector .aux-staff-content{\r\n    display: flex;\r\n    flex-direction: column;\r\n    position: absolute;\r\n    bottom: 0;\r\n    opacity:0;\r\n    transition: all 300ms ease-out;\r\n}\r\nselector .col-subtitle{\r\n    order:1;\r\n}\r\n\r\nselector .col-title{\r\n    order:2;\r\n}\r\nselector .aux-staff-footer{\r\n    order:3;\r\n}\r\nselector .aux-media-image img{\r\n    border-radius: 20px;\r\n     width: 100%\r\n}\r\nselector .aux-social-list li{\r\n    padding-right: 10px;\r\n}\r\nselector .aux-media-image:before{\r\n   content: '';\r\n    width: 100%;\r\n    height: 100%;\r\n    background-image: linear-gradient(180deg,#02060800 0%,#020608 100%);\r\n    position: absolute;\r\n    border-radius:20px;\r\n    opacity: 0;\r\n    transition: all 300ms ease-out;\r\n}\r\nselector .aux-staff-container:hover .aux-media-image:before,selector .aux-staff-container:hover .aux-staff-content{\r\n    opacity: 1;\r\n}\r\nselector .elementor-widget-wrap .elementor-element.elementor-widget__width-auto{\r\n    width: 100%\r\n}"},"elements":[{"id":"37acb4a5","settings":{"_column_size":"25","align":"center","margin":{"unit":"px","top":"0","right":"15","bottom":"30","left":"15","isLinked":""},"_inline_size_tablet":"50","margin_mobile":{"unit":"px","top":"0","right":"0","bottom":"30","left":"0","isLinked":""}},"elements":[{"id":"3826695f","settings":{"title":"Andrew Robinson","subtitle":"Vice President","staff_img":{"url":"https:\/\/wp22.nayyarshaikh.com\/wp-content\/uploads\/2020\/11\/134-2.jpg","id":"37"},"img_shape":"rect","socials":"yes","social_twitter":{"url":"#","is_external":"","nofollow":"","custom_attributes":""},"social_facebook":{"url":"#","is_external":"","nofollow":"","custom_attributes":""},"social_instagram":{"url":"#","is_external":"","nofollow":"","custom_attributes":""},"social_linkedin":{"url":"#","is_external":"","nofollow":"","custom_attributes":""},"_element_width":"auto","title_color":"#FFFFFF","title_typography_typography":"custom","title_typography_font_size":{"unit":"px","size":"20","sizes":[]},"title_typography_font_weight":"bold","title_typography_line_height":{"unit":"em","size":"1.25","sizes":[]},"title_margin_top":{"unit":"px","size":"0","sizes":[]},"title_margin_bottom":{"unit":"px","size":"10","sizes":[]},"subtitle_color":"#FFFFFFBF","subtitle_typography_typography":"custom","subtitle_typography_font_size":{"unit":"px","size":"16","sizes":[]},"subtitle_typography_text_transform":"capitalize","subtitle_typography_font_style":"normal","subtitle_typography_line_height":{"unit":"em","size":"1.5","sizes":[]},"socials_color":"#FFFFFF","icon_size":"aux-small","socials_separator_border":"solid","socials_separator_width":{"unit":"px","top":"0","right":"0","bottom":"0","left":"0","isLinked":"1"},"socials_padding":{"unit":"px","top":"0","right":"0","bottom":"0","left":"0","isLinked":""},"wrapper_content_padding":{"unit":"px","top":"0","right":"0","bottom":"45","left":"38","isLinked":""},"__globals__":{"socials_hover_color":"globals\/colors?id=primary"},"aux_animation_name":"aux-fade-in-left-2","aux_animation_duration":2000,"aux_animation_delay":250,"aux_animation_easing":"0.165,0.84,0.44,1"},"elements":[],"isInner":false,"widgetType":"aux_staff","elType":"widget"}],"isInner":"1","elType":"column"},{"id":"dbedd64","settings":{"_column_size":"25","align":"center","margin":{"unit":"px","top":"0","right":"15","bottom":"30","left":"15","isLinked":""},"_inline_size_tablet":"50","margin_mobile":{"unit":"px","top":"0","right":"0","bottom":"30","left":"0","isLinked":""}},"elements":[{"id":"4f5cff3","settings":{"title":"Sarah Willson","subtitle":"Vice President","staff_img":{"url":"https:\/\/wp22.nayyarshaikh.com\/wp-content\/uploads\/2020\/11\/3700.jpg","id":"36"},"img_shape":"rect","socials":"yes","social_twitter":{"url":"#","is_external":"","nofollow":"","custom_attributes":""},"social_facebook":{"url":"#","is_external":"","nofollow":"","custom_attributes":""},"social_instagram":{"url":"#","is_external":"","nofollow":"","custom_attributes":""},"social_linkedin":{"url":"#","is_external":"","nofollow":"","custom_attributes":""},"_element_width":"auto","title_color":"#FFFFFF","title_typography_typography":"custom","title_typography_font_size":{"unit":"px","size":"20","sizes":[]},"title_typography_font_weight":"bold","title_typography_line_height":{"unit":"em","size":"1.25","sizes":[]},"title_margin_top":{"unit":"px","size":"0","sizes":[]},"title_margin_bottom":{"unit":"px","size":"10","sizes":[]},"subtitle_color":"#FFFFFFBF","subtitle_typography_typography":"custom","subtitle_typography_font_size":{"unit":"px","size":"16","sizes":[]},"subtitle_typography_text_transform":"capitalize","subtitle_typography_font_style":"normal","subtitle_typography_line_height":{"unit":"em","size":"1.5","sizes":[]},"socials_color":"#FFFFFF","icon_size":"aux-small","socials_separator_border":"solid","socials_separator_width":{"unit":"px","top":"0","right":"0","bottom":"0","left":"0","isLinked":"1"},"socials_padding":{"unit":"px","top":"0","right":"0","bottom":"0","left":"0","isLinked":""},"wrapper_content_padding":{"unit":"px","top":"0","right":"0","bottom":"45","left":"38","isLinked":""},"__globals__":{"socials_hover_color":"globals\/colors?id=primary"},"aux_animation_name":"aux-fade-in-left-1","aux_animation_duration":2000,"aux_animation_easing":"0.165,0.84,0.44,1"},"elements":[],"isInner":false,"widgetType":"aux_staff","elType":"widget"}],"isInner":"1","elType":"column"},{"id":"1f0b1898","settings":{"_column_size":"25","align":"center","margin":{"unit":"px","top":"0","right":"15","bottom":"30","left":"15","isLinked":""},"_inline_size_tablet":"50","margin_mobile":{"unit":"px","top":"0","right":"0","bottom":"30","left":"0","isLinked":""}},"elements":[{"id":"5a8000c7","settings":{"title":"Sarah Willson","subtitle":"Vice President","staff_img":{"url":"https:\/\/wp22.nayyarshaikh.com\/wp-content\/uploads\/2020\/11\/7208.jpg","id":"35"},"img_shape":"rect","socials":"yes","social_twitter":{"url":"#","is_external":"","nofollow":"","custom_attributes":""},"social_facebook":{"url":"#","is_external":"","nofollow":"","custom_attributes":""},"social_instagram":{"url":"#","is_external":"","nofollow":"","custom_attributes":""},"social_linkedin":{"url":"#","is_external":"","nofollow":"","custom_attributes":""},"_element_width":"auto","title_color":"#FFFFFF","title_typography_typography":"custom","title_typography_font_size":{"unit":"px","size":"20","sizes":[]},"title_typography_font_weight":"bold","title_typography_line_height":{"unit":"em","size":"1.25","sizes":[]},"title_margin_top":{"unit":"px","size":"0","sizes":[]},"title_margin_bottom":{"unit":"px","size":"10","sizes":[]},"subtitle_color":"#FFFFFFBF","subtitle_typography_typography":"custom","subtitle_typography_font_size":{"unit":"px","size":"16","sizes":[]},"subtitle_typography_text_transform":"capitalize","subtitle_typography_font_style":"normal","subtitle_typography_line_height":{"unit":"em","size":"1.5","sizes":[]},"socials_color":"#FFFFFF","icon_size":"aux-small","socials_separator_border":"solid","socials_separator_width":{"unit":"px","top":"0","right":"0","bottom":"0","left":"0","isLinked":"1"},"socials_padding":{"unit":"px","top":"0","right":"0","bottom":"0","left":"0","isLinked":""},"wrapper_content_padding":{"unit":"px","top":"0","right":"0","bottom":"45","left":"38","isLinked":""},"__globals__":{"socials_hover_color":"globals\/colors?id=primary"},"aux_animation_name":"aux-fade-in-right-1","aux_animation_duration":2000,"aux_animation_easing":"0.165,0.84,0.44,1"},"elements":[],"isInner":false,"widgetType":"aux_staff","elType":"widget"}],"isInner":"1","elType":"column"},{"id":"4076acc9","settings":{"_column_size":"25","align":"center","margin":{"unit":"px","top":"0","right":"15","bottom":"30","left":"15","isLinked":""},"_inline_size_tablet":"50","margin_mobile":{"unit":"px","top":"0","right":"0","bottom":"0","left":"0","isLinked":"1"}},"elements":[{"id":"641b7b74","settings":{"title":"Sarah Willson","subtitle":"Vice President","staff_img":{"url":"https:\/\/wp22.nayyarshaikh.com\/wp-content\/uploads\/2020\/11\/12628.jpg","id":"34"},"img_shape":"rect","socials":"yes","social_twitter":{"url":"#","is_external":"","nofollow":"","custom_attributes":""},"social_facebook":{"url":"#","is_external":"","nofollow":"","custom_attributes":""},"social_instagram":{"url":"#","is_external":"","nofollow":"","custom_attributes":""},"social_linkedin":{"url":"#","is_external":"","nofollow":"","custom_attributes":""},"_element_width":"auto","title_color":"#FFFFFF","title_typography_typography":"custom","title_typography_font_size":{"unit":"px","size":"20","sizes":[]},"title_typography_font_weight":"bold","title_typography_line_height":{"unit":"em","size":"1.25","sizes":[]},"title_margin_top":{"unit":"px","size":"0","sizes":[]},"title_margin_bottom":{"unit":"px","size":"10","sizes":[]},"subtitle_color":"#FFFFFFBF","subtitle_typography_typography":"custom","subtitle_typography_font_size":{"unit":"px","size":"16","sizes":[]},"subtitle_typography_text_transform":"capitalize","subtitle_typography_font_style":"normal","subtitle_typography_line_height":{"unit":"em","size":"1.5","sizes":[]},"socials_color":"#FFFFFF","icon_size":"aux-small","socials_separator_border":"solid","socials_separator_width":{"unit":"px","top":"0","right":"0","bottom":"0","left":"0","isLinked":"1"},"socials_padding":{"unit":"px","top":"0","right":"0","bottom":"0","left":"0","isLinked":""},"wrapper_content_padding":{"unit":"px","top":"0","right":"0","bottom":"45","left":"38","isLinked":""},"__globals__":{"socials_hover_color":"globals\/colors?id=primary"},"aux_animation_name":"aux-fade-in-right-2","aux_animation_duration":2000,"aux_animation_delay":250,"aux_animation_easing":"0.165,0.84,0.44,1"},"elements":[],"isInner":false,"widgetType":"aux_staff","elType":"widget"}],"isInner":"1","elType":"column"}],"isInner":"1","elType":"section"}],"isInner":"","elType":"column"}],"isInner":"","elType":"section"}],"page_settings":[],"version":"0.4","title":"About Phlox","type":"page"}