{"content":[{"id":"2ab21b6","settings":{"gap":"no","margin":{"unit":"px","top":"-70","right":"0","bottom":"0","left":"0","isLinked":""},"padding":{"unit":"px","top":"160","right":"35","bottom":"145","left":"35","isLinked":""},"background_background":"classic","__globals__":{"background_color":"globals\/colors?id=5ef067a"}},"elements":[{"id":"11bbcabf","settings":{"_column_size":"100"},"elements":[{"id":"5722dbcf","settings":{"columns":"3","columns_tablet":"2","display_categories":"","display_author_header":"","display_comments":"","display_like":"","excerpt_len":"125","num":"12","image_aspect_ratio":"custom","image_aspect_ratio_custom":{"unit":"px","size":"1.04","sizes":[]},"img_border_radius":{"unit":"px","top":"20","right":"20","bottom":"20","left":"20","isLinked":"1"},"title_typography_typography":"custom","title_typography_font_size":{"unit":"px","size":"25","sizes":[]},"title_typography_font_weight":"bold","title_typography_line_height":{"unit":"em","size":"1.6","sizes":[]},"title_margin_bottom":{"unit":"px","size":"30","sizes":[]},"title_margin_bottom_tablet":{"unit":"px","size":"0","sizes":[]},"info_typography_typography":"custom","info_typography_font_size":{"unit":"px","size":"16","sizes":[]},"info_typography_font_weight":"500","info_typography_line_height":{"unit":"em","size":"1.5","sizes":[]},"info_margin_bottom":{"unit":"px","size":"40","sizes":[]},"info_margin_bottom_tablet":{"unit":"px","size":"10","sizes":[]},"content_typography_typography":"custom","content_typography_font_size":{"unit":"px","size":"16","sizes":[]},"content_typography_font_weight":"500","content_typography_line_height":{"unit":"em","size":"1.5","sizes":[]},"content_margin_bottom":{"unit":"px","size":"0","sizes":[]},"wrapper_main_padding":{"unit":"px","top":"0","right":"0","bottom":"0","left":"0","isLinked":""},"wrapper_content_padding":{"unit":"%","top":"0","right":"13","bottom":"20","left":"13","isLinked":""},"btn_background":"classic","btn_shadow_box_shadow_type":"yes","btn_shadow_box_shadow":{"horizontal":"-15","vertical":"20","blur":"50","spread":"0","color":"rgba(95.99999999999984, 0.9999999999999869, 211, 0.30196078431372547)"},"btn_text_color":"#FFFFFF","btn_text_shadow_text_shadow_type":"yes","btn_text_typography_typography":"custom","btn_text_typography_font_size":{"unit":"px","size":"15","sizes":[]},"btn_text_typography_line_height":{"unit":"em","size":"1","sizes":[]},"btn_text_typography_letter_spacing":{"unit":"px","size":"-0.32","sizes":[]},"btn_bg_hover_background":"classic","btn_shadow_hover_box_shadow_type":"yes","btn_shadow_hover_box_shadow":{"horizontal":"-15","vertical":"20","blur":"50","spread":"0","color":"rgba(253, 51.999999999999986, 109.99999999999996, 0.30196078431372547)"},"btn_padding":{"unit":"px","top":"20","right":"48","bottom":"20","left":"47","isLinked":""},"custom_css":"selector .entry-main{\n    position: absolute;\n    bottom: 12%;\n}\nselector .entry-content{\n    max-width: 365px;\n}\nselector .aux-widget-recent-posts .aux-match-height .aux-col{\n    margin-bottom:10px;\n    padding-right: 20px;\n    padding-left: 20px\n}\nselector .aux-widget-recent-posts .post .entry-media{\n    margin-bottom: 0;\n}\nselector .aux-read-more:after{\n    display: none;\n}\nselector .entry-meta .aux-read-more {\n    border-radius: 30px;\n}\nselector .entry-info i,selector .entry-info .post-edit-link {\n    display: none\n}\nselector .entry-media img{\n    opacity: 70%;\n    border-radius: \n    }\nselector .entry-media {\n    background-color:#081420;\n    border-radius: 20px;\n    opacity: 0;\n    transition: all 300ms ease-out;\n}\nselector .post:hover .entry-media{\n    opacity: 1\n}\n\nselector .post:hover .entry-title a,selector .post:hover .entry-date a,selector .post:hover .entry-content{\n    color: #FFFFFF!important;\n    transition: all 300ms ease-out;\n}\nselector .post:hover .entry-meta .aux-read-more{\n    background-color: \n    var( --e-global-color-secondary );\n    box-shadow: -15px 20px 50px 0px #FD346E4D; \n     transition: all 300ms ease-out;\n}\n@media only  screen and (max-width:1400px) and (min-width:1025px){\n    selector .entry-title a{\n        font-size:18px;\n        \n            }\n    selector .entry-date a, selector .entry-content,selector .entry-meta .aux-read-more{\n        font-size:14px;\n    }  \n    selector .entry-info, selector .entry-title{\n        margin-bottom:10px;\n        \n    }\n    selector .entry-main{\n    bottom: 5%;\n}\n    selector .entry-meta .aux-read-more {\n        padding:13px 25px;\n    }\n}\n@media only  screen and (max-width:900px) and (min-width:768px){\n    selector .entry-title a{\n        font-size:18px;\n        \n            }\n    selector .entry-date a, selector .entry-content,selector .entry-meta .aux-read-more{\n        font-size:14px;\n    }  \n    selector .entry-info, selector .entry-title{\n        margin-bottom:10px;\n        \n    }\n    selector .entry-main{\n    bottom: 5%;\n}\n    selector .entry-meta .aux-read-more {\n        padding:13px 25px;\n    }\n}\n@media only  screen and (max-width:500px){\n    selector .entry-title a{\n        font-size:18px;\n        \n            }\n    selector .entry-date a, selector .entry-content,selector .entry-meta .aux-read-more{\n        font-size:14px;\n    }  \n    selector .entry-info, selector .entry-title{\n        margin-bottom:10px;\n        \n    }\n    selector .entry-main{\n    bottom: 5%;\n}\n    selector .entry-meta .aux-read-more {\n        padding:13px 25px;\n    }\n}","__globals__":{"btn_color":"globals\/colors?id=primary","btn_bg_hover_color":"globals\/colors?id=secondary","info_color":"globals\/colors?id=accent","title_color":"globals\/colors?id=text","content_color":"globals\/colors?id=text","meta_color":""},"wrapper_content_padding_tablet":{"unit":"%","top":"","right":"","bottom":"","left":"","isLinked":"1"},"aux_animation_name":"aux-fade-in-up","aux_animation_duration":2000,"aux_animation_easing":"0.165,0.84,0.44,1","show_date":"","hover_background_background":"classic"},"elements":[],"isInner":false,"widgetType":"aux_recent_posts","elType":"widget"}],"isInner":"","elType":"column"}],"isInner":"","elType":"section"}],"page_settings":[],"version":"0.4","title":"Blog Phlox","type":"page"}