{"content":[{"id":"38df3c80","settings":{"gap":"no","padding":{"unit":"px","top":"170","right":"35","bottom":"0","left":"35","isLinked":""},"background_background":"classic","margin":{"unit":"px","top":"-70","right":"0","bottom":"0","left":"0","isLinked":""},"__globals__":{"background_color":"globals\/colors?id=5ef067a"}},"elements":[{"id":"2e3f970f","settings":{"_column_size":"100","background_background":"classic","border_radius":{"unit":"px","top":"25","right":"25","bottom":"25","left":"25","isLinked":"1"},"padding":{"unit":"px","top":"50","right":"70","bottom":"50","left":"70","isLinked":""},"__globals__":{"background_color":"globals\/colors?id=primary"},"padding_mobile":{"unit":"px","top":"50","right":"0","bottom":"50","left":"0","isLinked":""}},"elements":[{"id":"312962ad","settings":{"title":"Contact With Us","title_tag":"h5","divider":"","title_secondary_before":"let's create progress together for great business","title_typography_typography":"custom","title_typography_font_size":{"unit":"px","size":"20","sizes":[]},"title_typography_font_weight":"bold","title_typography_line_height":{"unit":"em","size":"3.75","sizes":[]},"title_typography_letter_spacing":{"unit":"px","size":"-0.4","sizes":[]},"title2_typography_typography":"custom","title2_typography_font_size":{"unit":"px","size":"50","sizes":[]},"title2_typography_font_weight":"bold","title2_typography_text_transform":"capitalize","title2_typography_line_height":{"unit":"em","size":"1.3","sizes":[]},"description_typography_typography":"custom","description_typography_font_size":{"unit":"px","size":"16","sizes":[]},"description_typography_font_weight":"500","description_typography_line_height":{"unit":"em","size":"1.5","sizes":[]},"description_width":{"unit":"px","size":"485","sizes":[]},"__globals__":{"title_color":"","title2_color":"","description_color":""},"title_tag_secondary":"h2","title_margin":{"unit":"px","top":"0","right":"0","bottom":"-10","left":"0","isLinked":""},"alignment":"center","title2_color":"#FFFFFF","title2_width":{"unit":"px","size":"750","sizes":[]},"_margin":{"unit":"px","top":"0","right":"0","bottom":"60","left":"0","isLinked":""},"title_color":"#FFFFFF","title_typography_font_size_mobile":{"unit":"px","size":"16","sizes":[]},"title2_typography_font_size_tablet":{"unit":"px","size":"40","sizes":[]},"title2_typography_font_size_mobile":{"unit":"px","size":"30","sizes":[]},"title2_width_tablet":{"unit":"px","size":"600","sizes":[]},"title2_width_mobile":{"unit":"px","size":"280","sizes":[]},"_padding":{"unit":"px","top":"0","right":"15","bottom":"0","left":"15","isLinked":""},"aux_animation_name":"aux-scale-down","aux_animation_duration":2000,"aux_animation_easing":"0.165,0.84,0.44,1"},"elements":[],"isInner":false,"widgetType":"aux_modern_heading","elType":"widget"},{"id":"704efbb2","settings":{"gap":"no","structure":"30","custom_css":"selector .aux-ico-box {\r\n    background-color:rgb(255,255,255,0.15);\r\n    border-radius: 50px;\r\n    transition: all 300ms ease-out;\r\n}\r\nselector .aux-widget-advanced-text:hover{\r\n    box-shadow: 0 20px 40px #E8315533;\r\n    transition: all 300ms ease-out;\r\n}\r\n\r\nselector .aux-widget-advanced-text:hover .aux-ico-box{\r\n    background-color:rgb(255,255,255);\r\n    transition: all 300ms ease-out;\r\n}\r\nselector .aux-widget-advanced-text:hover .aux-ico-box svg path{\r\n    fill:var( --e-global-color-secondary );\r\n    transition: all 300ms ease-out;\r\n}\r\n\r\n\r\n@media only screen and (max-width:1500px){\r\n    selector .aux-widget-text .aux-text-widget-content {\r\n    padding: 25px  0 0 0!important;\r\n    text-align: center;\r\n}\r\nselector .aux-widget-advanced-text {\r\n    flex-direction: column\r\n}}\r\n@media only screen and (max-width:1070px) and (min-width:1025px){\r\n    selector .col-title{\r\n        font-size:18px;\r\n    }\r\n    selector .widget-content{font-size:14px;}\r\n}"},"elements":[{"id":"26809ac6","settings":{"_column_size":"33","margin":{"unit":"px","top":"0","right":"20","bottom":"40","left":"20","isLinked":""},"_inline_size_tablet":"100"},"elements":[{"id":"6ff4893a","settings":{"icon_or_image":"inline-svg","title":"Meet Us In Office :","display_button":"","btn_label":"Read More","image_position":"left","svg_inline":"<svg xmlns=\"http:\/\/www.w3.org\/2000\/svg\" width=\"26.549\" height=\"33.276\" viewBox=\"0 0 26.549 33.276\"><path d=\"M62.1.008A13.279,13.279,0,0,0,49.54,15.8h0s.02.143.089.416a13.306,13.306,0,0,0,.894,2.634C51.852,22,54.93,27.272,61.834,33.01a1.153,1.153,0,0,0,1.474,0c6.9-5.731,9.982-11.005,11.319-14.171a12.742,12.742,0,0,0,.894-2.634c.061-.266.089-.416.089-.416h0A13.282,13.282,0,0,0,62.1.008Zm.471,19.868a6.448,6.448,0,1,1,6.448-6.448A6.447,6.447,0,0,1,62.571,19.876Z\" transform=\"translate(-49.299 0)\" fill=\"#fff\" \/><\/svg>","content":"<p>Patricia C. 4401 Waldeck<\/p><p>Street Grapevine Nashville, Tx\u00a0<\/p>","header_padding":{"unit":"px","top":"0","right":"0","bottom":"0","left":"0","isLinked":""},"icon_padding":{"unit":"px","top":"28","right":"31","bottom":"28.5","left":"32","isLinked":""},"title_color":"#FFFFFF","title_typography_typography":"custom","title_typography_font_size":{"unit":"px","size":"20","sizes":[]},"title_typography_font_weight":"bold","title_typography_text_transform":"capitalize","title_typography_line_height":{"unit":"em","size":"1.5","sizes":[]},"content_color":"#FFFFFF99","content_typography_typography":"custom","content_typography_font_size":{"unit":"px","size":"16","sizes":[]},"content_typography_font_weight":"500","content_typography_line_height":{"unit":"em","size":"1.5","sizes":[]},"content_padding":{"unit":"%","top":"0","right":"0","bottom":"0","left":"6","isLinked":""},"text_align":"left","wrapper_content_padding":{"unit":"%","top":"14","right":"12","bottom":"12","left":"12","isLinked":""},"wrapper_content_padding_tablet":{"unit":"%","top":"5","right":"5","bottom":"5","left":"5","isLinked":"1"},"wrapper_content_padding_mobile":{"unit":"%","top":"10","right":"5","bottom":"10","left":"5","isLinked":""},"wrapper_content_border_radius":{"unit":"px","top":"20","right":"20","bottom":"20","left":"20","isLinked":"1"},"wrapper_content_background_normal_background":"classic","wrapper_content_background_hover_background":"classic","wrapper_content_transition":{"unit":"px","size":"300","sizes":[]},"__globals__":{"wrapper_content_background_hover_color":"globals\/colors?id=secondary"},"aux_animation_name":"aux-fade-in-left-1","aux_animation_duration":2000,"aux_animation_delay":400,"aux_animation_easing":"0.165,0.84,0.44,1"},"elements":[],"isInner":false,"widgetType":"aux_text","elType":"widget"}],"isInner":"1","elType":"column"},{"id":"11f3635f","settings":{"_column_size":"33","margin":{"unit":"px","top":"0","right":"20","bottom":"40","left":"20","isLinked":""},"_inline_size_tablet":"100"},"elements":[{"id":"15331913","settings":{"icon_or_image":"inline-svg","title":"Our Email Address :","display_button":"","btn_label":"Read More","image_position":"left","svg_inline":"<svg xmlns=\"http:\/\/www.w3.org\/2000\/svg\" width=\"33.047\" height=\"20.992\" viewBox=\"0 0 33.047 20.992\"><path d=\"M3.172,61.291q.627.358,3.78,2.125t4.832,2.721q.184.1.784.455t1,.567q.4.216.959.484a6.248,6.248,0,0,0,1.06.4,3.549,3.549,0,0,0,.922.134h.037a3.552,3.552,0,0,0,.922-.134,6.254,6.254,0,0,0,1.06-.4q.562-.269.959-.484t1-.567q.6-.351.784-.455,1.7-.954,8.631-4.846a8.118,8.118,0,0,0,2.25-1.834,3.453,3.453,0,0,0,.9-2.251,2.1,2.1,0,0,0-.876-1.685,3.22,3.22,0,0,0-2.075-.7H2.951A2.935,2.935,0,0,0,.765,55.6,2.648,2.648,0,0,0,0,57.533a3.142,3.142,0,0,0,1.014,2.035A8.556,8.556,0,0,0,3.172,61.291Z\" transform=\"translate(0 -54.82)\" fill=\"#fff\" \/><path d=\"M31.2,185.734q-6.048,3.31-9.184,5.144-1.051.626-1.706.976a11.636,11.636,0,0,1-1.743.716,6.388,6.388,0,0,1-2.028.365h-.037a6.391,6.391,0,0,1-2.029-.365,11.642,11.642,0,0,1-1.743-.716q-.654-.35-1.706-.976-2.49-1.476-9.165-5.144A9.5,9.5,0,0,1,0,184.437v11.837a2.1,2.1,0,0,0,.867,1.685,3.21,3.21,0,0,0,2.084.7H30.1a3.21,3.21,0,0,0,2.084-.7,2.1,2.1,0,0,0,.867-1.685V184.437A9.863,9.863,0,0,1,31.2,185.734Z\" transform=\"translate(0 -177.668)\" fill=\"#fff\" \/><\/svg>\r\n","content":"<p>Info@yourdomain.com<\/p><p>Info@dataanalytics.com<\/p>","header_padding":{"unit":"px","top":"0","right":"0","bottom":"0","left":"0","isLinked":""},"icon_padding":{"unit":"px","top":"30","right":"28","bottom":"35","left":"28","isLinked":""},"title_color":"#FFFFFF","title_typography_typography":"custom","title_typography_font_size":{"unit":"px","size":"20","sizes":[]},"title_typography_font_weight":"bold","title_typography_text_transform":"capitalize","title_typography_line_height":{"unit":"em","size":"1.5","sizes":[]},"content_color":"#FFFFFF99","content_typography_typography":"custom","content_typography_font_size":{"unit":"px","size":"16","sizes":[]},"content_typography_font_weight":"500","content_typography_line_height":{"unit":"em","size":"1.5","sizes":[]},"content_padding":{"unit":"%","top":"0","right":"0","bottom":"0","left":"7","isLinked":""},"text_align":"left","wrapper_content_padding":{"unit":"%","top":"14","right":"12","bottom":"12","left":"12","isLinked":""},"wrapper_content_padding_tablet":{"unit":"%","top":"5","right":"5","bottom":"5","left":"5","isLinked":"1"},"wrapper_content_padding_mobile":{"unit":"%","top":"10","right":"5","bottom":"10","left":"5","isLinked":""},"wrapper_content_border_radius":{"unit":"px","top":"20","right":"20","bottom":"20","left":"20","isLinked":"1"},"wrapper_content_background_normal_background":"classic","wrapper_content_background_hover_background":"classic","wrapper_content_transition":{"unit":"px","size":"300","sizes":[]},"custom_css":"\/*","__globals__":{"wrapper_content_background_hover_color":"globals\/colors?id=secondary"},"aux_animation_name":"aux-scale-down","aux_animation_duration":1500,"aux_animation_delay":200,"aux_animation_easing":"0.165,0.84,0.44,1"},"elements":[],"isInner":false,"widgetType":"aux_text","elType":"widget"}],"isInner":"1","elType":"column"},{"id":"5bf7c8a5","settings":{"_column_size":"33","margin":{"unit":"px","top":"0","right":"20","bottom":"40","left":"20","isLinked":""},"_inline_size_tablet":"100"},"elements":[{"id":"7c012cf7","settings":{"icon_or_image":"inline-svg","title":"Contact Numbers :","display_button":"","btn_label":"Read More","image_position":"left","svg_inline":"<svg xmlns=\"http:\/\/www.w3.org\/2000\/svg\" width=\"31.999\" height=\"31.999\" viewBox=\"0 0 31.999 31.999\"><path d=\"M359.865,66.154l-8.084-8.084,1.034-1.034a3.057,3.057,0,0,1,4.324,0L360.9,60.8a3.057,3.057,0,0,1,0,4.324Zm0,0\" transform=\"translate(-329.795 -37.664)\" fill=\"#fff\" \/><path d=\"M56.137,353.711l1.034-1.034a3.057,3.057,0,0,1,4.324,0l3.761,3.761a3.061,3.061,0,0,1,0,4.324l-1.034,1.034Zm0,0\" transform=\"translate(-52.628 -351.781)\" fill=\"#fff\" \/><path d=\"M28.649,26.5c-2.728,2.26-6.235,2.754-10.209,1.417a28.986,28.986,0,0,1-10.6-7.1,28.981,28.981,0,0,1-7.1-10.6C-.6,6.236-.107,2.728,2.153,0l8.123,8.123c-1.746,2.721.764,5.942,2.535,7.713s4.992,4.281,7.713,2.535Zm0,0\" transform=\"translate(-0.001 3.351)\" fill=\"#fff\" \/><\/svg>","content":"<p>+99 (0) 101 0000 888<\/p><p>+99 (0) 555 6759 126<\/p>","header_padding":{"unit":"px","top":"0","right":"0","bottom":"0","left":"0","isLinked":""},"icon_padding":{"unit":"px","top":"29","right":"29","bottom":"29","left":"29","isLinked":"1"},"title_color":"#FFFFFF","title_typography_typography":"custom","title_typography_font_size":{"unit":"px","size":"20","sizes":[]},"title_typography_font_weight":"bold","title_typography_text_transform":"capitalize","title_typography_line_height":{"unit":"em","size":"1.5","sizes":[]},"content_color":"#FFFFFF99","content_typography_typography":"custom","content_typography_font_size":{"unit":"px","size":"16","sizes":[]},"content_typography_font_weight":"500","content_typography_line_height":{"unit":"em","size":"1.5","sizes":[]},"content_padding":{"unit":"%","top":"0","right":"0","bottom":"0","left":"7","isLinked":""},"text_align":"left","wrapper_content_padding":{"unit":"%","top":"14","right":"12","bottom":"12","left":"12","isLinked":""},"wrapper_content_padding_tablet":{"unit":"%","top":"5","right":"5","bottom":"5","left":"5","isLinked":"1"},"wrapper_content_padding_mobile":{"unit":"%","top":"10","right":"5","bottom":"10","left":"5","isLinked":""},"wrapper_content_border_radius":{"unit":"px","top":"20","right":"20","bottom":"20","left":"20","isLinked":"1"},"wrapper_content_background_normal_background":"classic","wrapper_content_background_hover_background":"classic","wrapper_content_transition":{"unit":"px","size":"300","sizes":[]},"__globals__":{"wrapper_content_background_hover_color":"globals\/colors?id=secondary"},"aux_animation_name":"aux-fade-in-right-1","aux_animation_duration":2000,"aux_animation_delay":400,"aux_animation_easing":"0.165,0.84,0.44,1"},"elements":[],"isInner":false,"widgetType":"aux_text","elType":"widget"}],"isInner":"1","elType":"column"}],"isInner":"1","elType":"section"}],"isInner":"","elType":"column"}],"isInner":"","elType":"section"},{"id":"3ef65a6c","settings":{"gap":"no","structure":"20","background_background":"classic","padding":{"unit":"px","top":"90","right":"35","bottom":"125","left":"35","isLinked":""},"__globals__":{"background_color":"globals\/colors?id=5ef067a"}},"elements":[{"id":"39014fe7","settings":{"_column_size":"50","content_position":"center","_inline_size_tablet":"100"},"elements":[{"id":"4287f729","settings":{"title":"Contact With Us","title_tag":"h5","divider":"","title_secondary_before":"Don\u2019t Google design Questions","description":"<p>Your email address will not be published. Required fields are marked*<\/p>","title_typography_typography":"custom","title_typography_font_size":{"unit":"px","size":"20","sizes":[]},"title_typography_font_weight":"500","title_typography_line_height":{"unit":"em","size":"3.75","sizes":[]},"title_typography_letter_spacing":{"unit":"px","size":"-0.4","sizes":[]},"title2_typography_typography":"custom","title2_typography_font_size":{"unit":"px","size":"60","sizes":[]},"title2_typography_font_weight":"bold","title2_typography_text_transform":"capitalize","title2_typography_line_height":{"unit":"em","size":"1.25","sizes":[]},"title2_width":{"unit":"px","size":"500","sizes":[]},"description_typography_typography":"custom","description_typography_font_size":{"unit":"px","size":"16","sizes":[]},"description_typography_font_weight":"500","description_typography_line_height":{"unit":"em","size":"1.5","sizes":[]},"__globals__":{"title_color":"globals\/colors?id=secondary","title2_color":"globals\/colors?id=text","description_color":"globals\/colors?id=accent"},"title_tag_secondary":"h1","custom_css":"@media only screen and (max-width:1400px) and (min-width:1025px){\n    selector .aux-modern-heading-secondary{\n        font-size:50px;\n        max-width:430px;\n    }\n}","title_margin":{"unit":"px","top":"0","right":"0","bottom":"0","left":"0","isLinked":""},"_margin":{"unit":"px","top":"0","right":"0","bottom":"30","left":"0","isLinked":""},"title_typography_font_size_mobile":{"unit":"px","size":"16","sizes":[]},"title2_typography_font_size_tablet":{"unit":"px","size":"40","sizes":[]},"title2_typography_font_size_mobile":{"unit":"px","size":"30","sizes":[]},"title2_width_tablet":{"unit":"px","size":"350","sizes":[]},"title2_width_mobile":{"unit":"px","size":"250","sizes":[]},"aux_animation_name":"aux-fade-in-up","aux_animation_duration":1500,"aux_animation_easing":"0.165,0.84,0.44,1"},"elements":[],"isInner":false,"widgetType":"aux_modern_heading","elType":"widget"},{"id":"7633e179","settings":{"type":"cf7","cf7_shortcode":"[contact-form-7 id=\"90\" title=\"Untitled\"]","general_input_typography_typography":"custom","general_input_typography_font_size":{"unit":"px","size":"16","sizes":[]},"general_input_typography_font_weight":"500","labels_typography_font_size":{"unit":"px","size":"16","sizes":[]},"labels_typography_font_weight":"500","labels_typography_line_height":{"unit":"em","size":"1.5","sizes":[]},"__globals__":{"general_input_color":"globals\/colors?id=accent","placeholder_color":"globals\/colors?id=accent","labels_color":"","textarea_placeholder_color":"globals\/colors?id=accent","submit_input_background_color":"globals\/colors?id=primary","submit_input_background_hover_color":"globals\/colors?id=secondary"},"general_input_width":{"unit":"%","size":"","sizes":[]},"general_input_border_radius":{"unit":"px","top":"30","right":"30","bottom":"30","left":"30","isLinked":"1"},"general_input_background_background":"classic","general_input_background_color":"#FFFFFF","general_input_border_border":"solid","general_input_border_width":{"unit":"px","top":"0","right":"0","bottom":"0","left":"0","isLinked":"1"},"placeholder_typography_typography":"custom","placeholder_typography_font_size":{"unit":"px","size":"16","sizes":[]},"placeholder_typography_font_weight":"500","placeholder_typography_font_style":"normal","textarea_border_radius":{"unit":"px","top":"20","right":"20","bottom":"20","left":"20","isLinked":"1"},"textarea_background_background":"classic","textarea_background_color":"#FFFFFF","textarea_border_border":"solid","textarea_border_width":{"unit":"px","top":"0","right":"0","bottom":"0","left":"0","isLinked":"1"},"textarea_placeholder_typography_typography":"custom","textarea_placeholder_typography_font_size":{"unit":"px","size":"16","sizes":[]},"textarea_placeholder_typography_font_weight":"500","textarea_placeholder_typography_font_style":"normal","textarea_placeholder_typography_line_height":{"unit":"em","size":"1.5","sizes":[]},"submit_input_typography_typography":"custom","submit_input_typography_font_size":{"unit":"px","size":"16","sizes":[]},"submit_input_typography_font_weight":"500","submit_input_typography_text_transform":"capitalize","submit_input_color":"#FFFFFF","submit_input_border_radius":{"unit":"px","top":"25","right":"25","bottom":"25","left":"25","isLinked":"1"},"submit_input_padding":{"unit":"px","top":"15","right":"40","bottom":"15","left":"40","isLinked":""},"submit_input_background_background":"classic","submit_input_box_shadow_box_shadow_type":"yes","submit_input_box_shadow_box_shadow":{"horizontal":"-15","vertical":"30","blur":"50","spread":"0","color":"rgba(95.99999999999984, 0.9999999999999869, 211, 0.30196078431372547)"},"submit_input_background_hover_background":"classic","submit_input_box_shadow_hover_box_shadow_type":"yes","submit_input_box_shadow_hover_box_shadow":{"horizontal":"-15","vertical":"30","blur":"50","spread":"0","color":"rgba(232, 48.999999999999986, 85.00000000000004, 0.30196078431372547)"},"custom_css":"selector input[type=\"submit\"]{\n    float: right;\n}\n@media only screen and (min-width:768px){\n    selector .part1{\n    display: flex;\n    justify-content: space-between\n}\nselector .part1 .left-part{\n    margin-right: 12.5px;\n    width: 50%;\n    max-width: 100%;\n}\nselector .part1 .right-part{\n    margin-left: 12.5px;\n    width: 50%;\n    max-width: 100%;\n}\n}\n","general_input_margin":{"unit":"px","top":"0","right":"0","bottom":"25","left":"0","isLinked":""},"textarea_margin":{"unit":"px","top":"0","right":"0","bottom":"40","left":"0","isLinked":""},"general_input_padding":{"unit":"px","top":"17.5","right":"20","bottom":"17.5","left":"40","isLinked":""},"textarea_padding":{"unit":"px","top":"17.5","right":"20","bottom":"20","left":"40","isLinked":""},"general_input_height":{"unit":"px","size":"55","sizes":[]},"aux_animation_name":"aux-scale-down","aux_animation_duration":2000,"aux_animation_delay":200,"aux_animation_easing":"0.165,0.84,0.44,1"},"elements":[],"isInner":false,"widgetType":"aux_contact_form","elType":"widget"}],"isInner":"","elType":"column"},{"id":"605eafcc","settings":{"_column_size":"50","content_position":"center","margin":{"unit":"px","top":"0","right":"0","bottom":"0","left":"65","isLinked":""},"_inline_size_tablet":"100","margin_tablet":{"unit":"px","top":"50","right":"0","bottom":"0","left":"0","isLinked":""}},"elements":[{"id":"4b560ed9","settings":{"address":"London Eye, London, United Kingdom","height":{"unit":"px","size":786,"sizes":[]}},"elements":[],"isInner":false,"widgetType":"google_maps","elType":"widget"}],"isInner":"","elType":"column"}],"isInner":"","elType":"section"}],"page_settings":[],"version":"0.4","title":"Contact Phlox","type":"page"}