{"content":[{"id":"14fb3b54","settings":{"gap":"no","custom_height":{"unit":"px","size":"1000","sizes":[]},"column_position":"top","content_position":"top","background_background":"classic","background_position":"initial","background_xpos":{"unit":"px","size":"-340","sizes":[]},"background_ypos":{"unit":"px","size":"-425","sizes":[]},"background_repeat":"no-repeat","padding":{"unit":"px","top":"0","right":"35","bottom":"0","left":"35","isLinked":""},"background_position_tablet":"initial","background_position_mobile":"initial","background_xpos_tablet":{"unit":"px","size":"-250","sizes":[]},"background_xpos_mobile":{"unit":"px","size":"-200","sizes":[]},"background_ypos_tablet":{"unit":"px","size":"100","sizes":[]},"background_size_tablet":"cover","background_bg_width_mobile":{"unit":"%","size":"20","sizes":[]},"margin":{"unit":"px","top":"0","right":"0","bottom":"0","left":"0","isLinked":""},"margin_mobile":{"unit":"px","top":"","right":"0","bottom":"","left":"0","isLinked":"1"},"background_ypos_mobile":{"unit":"px","size":"100","sizes":[]},"margin_tablet":{"unit":"px","top":"","right":"0","bottom":"","left":"0","isLinked":"1"},"__globals__":{"background_color":""}},"elements":[{"id":"76984c92","settings":{"_column_size":"100","align":"center","background_background":"classic","__globals__":{"background_color":"globals\/colors?id=primary"},"background_position":"initial","background_xpos":{"unit":"px","size":"-580","sizes":[]},"background_repeat":"no-repeat","z_index":"2","padding":{"unit":"px","top":"35","right":"35","bottom":"50","left":"35","isLinked":""},"background_ypos":{"unit":"px","size":"70","sizes":[]},"__dynamic__":[],"border_radius":{"unit":"px","top":"20","right":"20","bottom":"20","left":"20","isLinked":"1"},"box_shadow_box_shadow_type":"yes","box_shadow_box_shadow":{"horizontal":"-15","vertical":"30","blur":"50","spread":"0","color":"rgba(95.99999999999984, 0.9999999999999869, 211, 0.30196078431372547)"},"padding_mobile":{"unit":"px","top":"30","right":"20","bottom":"30","left":"20","isLinked":""}},"elements":[{"id":"2292e9b8","settings":{"gap":"no","background_background":"classic","__globals__":{"background_color":""}},"elements":[{"id":"50fd21ba","settings":{"_column_size":"100"},"elements":[{"id":"5f05e312","settings":{"title":"Join Our Community","title_tag":"h5","alignment":"center","divider":"","title_secondary_before":"subscribe to our newsletter","title_tag_secondary":"h2","description":"<p>But I must explain to you how all this mistaken idea of denouncing pleasure and praising pain was born.<\/p>","title_typography_typography":"custom","title_typography_font_size":{"unit":"px","size":"20","sizes":[]},"title_typography_line_height":{"unit":"em","size":1,"sizes":[]},"title_color":"#FFFFFF","title_margin":{"unit":"px","top":"0","right":"0","bottom":"0","left":"0","isLinked":""},"title_width":{"unit":"%","size":"","sizes":[]},"title2_typography_typography":"custom","title2_typography_font_size":{"unit":"px","size":"50","sizes":[]},"title2_typography_line_height":{"unit":"em","size":1,"sizes":[]},"title2_color":"#FFFFFF","title2_width":{"unit":"%","size":"","sizes":[]},"description_color":"#FFFFFF","description_typography_typography":"custom","description_typography_font_size":{"unit":"px","size":"16","sizes":[]},"description_typography_line_height":{"unit":"em","size":"1.5","sizes":[]},"description_width":{"unit":"px","size":"500","sizes":[]},"title_typography_font_weight":"normal","title_typography_line_height_mobile":{"unit":"em","size":"1.5","sizes":[]},"title2_typography_font_size_tablet":{"unit":"px","size":"40","sizes":[]},"title2_typography_font_size_mobile":{"unit":"px","size":"28","sizes":[]},"title2_typography_text_transform":"capitalize","description_typography_font_size_mobile":{"unit":"px","size":"15","sizes":[]},"aux_animation_name":"aux-fade-in-up","aux_animation_duration":"1500","aux_animation_delay":"200","aux_animation_easing":"0.165,0.84,0.44,1"},"elements":[],"isInner":false,"widgetType":"aux_modern_heading","elType":"widget"},{"id":"656184c1","settings":{"input_typography_typography":"custom","text_input_height":{"unit":"px","size":"70","sizes":[]},"input_padding":{"unit":"px","top":"0","right":"180","bottom":"0","left":"25","isLinked":""},"input_background_background":"classic","input_background_color":"#B9FFDE00","placeholder_typography_typography":"custom","placeholder_typography_font_size":{"unit":"px","size":"16","sizes":[]},"placeholder_typography_font_style":"normal","placeholder_color":"#FFFFFF80","submit_input_typography_typography":"custom","submit_input_typography_font_size":{"unit":"px","size":"16","sizes":[]},"submit_input_typography_line_height":{"unit":"em","size":"1","sizes":[]},"submit_input_max_width":{"unit":"px","size":"180","sizes":[]},"submit_input_height":{"unit":"px","size":"50","sizes":[]},"submit_input_background_background":"classic","custom_css":"@media only screen and (min-width: 468px) {\nselector .mc4wp-form-fields{\n    position: relative;\n    margin: 0 auto;\n}\n\nselector .mc4wp-form-fields p:last-child {\n    position: absolute;\n    top:10px;\n    right:10px;\n}\n}\n@media only screen and (max-width: 467px){\n    selector .mc4wp-form input[type=\"submit\"]{\n        max-width:none;\n        }\n    selector .mc4wp-form input[type=\"email\"]{\n            height:50px;\n            padding-right:25px;\n        }\n        selector .mc4wp-form input[type=\"email\"] {\n        padding-left:25px;\n    }    \n        \n}\n\n@media only screen and (max-width:800px) and (min-width:768px){\n    selector .mc4wp-form-fields{\n        max-width:525px!important;\n    }\n}\n\n","__dynamic__":[],"input_border_border":"solid","input_border_width":{"unit":"px","top":"1","right":"1","bottom":"1","left":"1","isLinked":"1"},"submit_input_typography_text_transform":"capitalize","submit_input_background_gradient_angle":{"unit":"deg","size":"90","sizes":[]},"input_box_shadow_box_shadow":{"horizontal":"0","vertical":"30","blur":"50","spread":"0","color":"rgba(0, 36.99999999999998, 219, 0.30196078431372547)"},"submit_input_background_color_b":"","submit_input_background_hover_background":"classic","submit_input_background_hover_color_b":"","submit_input_background_hover_gradient_angle":{"unit":"deg","size":"90","sizes":[]},"input_typography_font_size":{"unit":"px","size":"16","sizes":[]},"input_typography_line_height":{"unit":"em","size":"1.5","sizes":[]},"input_border_color":"#FFFFFFA6","form_container_max_width":{"unit":"px","size":"608","sizes":[]},"_box_shadow_box_shadow":{"horizontal":"0","vertical":"30","blur":"50","spread":"0","color":"rgba(0, 36.99999999999998, 219, 0.30196078431372547)"},"sbumit_input_box_shadow_box_shadow_type":"yes","sbumit_input_box_shadow_box_shadow":{"horizontal":"-15","vertical":"20","blur":"50","spread":"0","color":"rgba(253, 51.999999999999986, 109.99999999999996, 0.30196078431372547)"},"_margin":{"unit":"px","top":"0","right":"0","bottom":"0","left":"0","isLinked":""},"sbumit_input_box_shadow_hover_box_shadow_type":"yes","sbumit_input_box_shadow_hover_box_shadow":{"horizontal":"-15","vertical":"20","blur":"50","spread":"0","color":"rgba(252, 219.99999999999994, 0, 0.30196078431372547)"},"__globals__":{"submit_input_background_hover_color":"globals\/colors?id=b852a13","submit_input_color_normal":"","submit_input_background_color":"globals\/colors?id=secondary","submit_input_color_hover":"globals\/colors?id=text"},"input_color":"#FFFFFFA6","submit_input_color_normal":"#FFFFFF","submit_input_typography_font_weight":"500","input_border_radius":{"unit":"px","top":"35","right":"35","bottom":"35","left":"35","isLinked":"1"},"submit_border_radius":{"unit":"px","top":"50","right":"50","bottom":"50","left":"50","isLinked":"1"},"input_box_shadow_box_shadow_type":"yes","submit_input_color_hover":"#081420","aux_animation_name":"aux-fade-in-down","aux_animation_duration":"1500","aux_animation_easing":"0.165,0.84,0.44,1"},"elements":[],"isInner":false,"widgetType":"aux_mailchimp","elType":"widget"}],"isInner":"1","elType":"column"}],"isInner":"1","elType":"section"}],"isInner":"","elType":"column"}],"isInner":"","elType":"section"},{"id":"b392031","settings":{"gap":"no","background_background":"classic","padding":{"unit":"px","top":"300","right":"35","bottom":"30","left":"35","isLinked":""},"__dynamic__":[],"structure":"50","margin":{"unit":"px","top":"-220","right":"0","bottom":"0","left":"0","isLinked":""},"margin_tablet":{"unit":"px","top":"-250","right":"0","bottom":"0","left":"0","isLinked":""},"margin_mobile":{"unit":"px","top":"-220","right":"0","bottom":"0","left":"0","isLinked":""},"__globals__":{"background_color":"globals\/colors?id=text"}},"elements":[{"id":"aa7d567","settings":{"_column_size":"20","_inline_size":"30","_inline_size_tablet":"100","margin_tablet":{"unit":"px","top":"0","right":"0","bottom":"50","left":"0","isLinked":""},"align_mobile":"center","aux_animation_name":"aux-scale-up","aux_animation_duration":"1500","aux_animation_easing":"0.77,0,0.175,1"},"elements":[{"id":"119da38","settings":{"align_mobile":"center","_element_width":"auto","width":{"unit":"px","size":"","sizes":[]},"logo_type":"secondary","_margin":{"unit":"px","top":"0","right":"0","bottom":"0","left":"-50","isLinked":""},"align":"left"},"elements":[],"isInner":false,"widgetType":"aux_logo","elType":"widget"}],"isInner":"","elType":"column"},{"id":"10125eb3","settings":{"_column_size":"20","_inline_size":"17","_inline_size_tablet":"50","margin_tablet":{"unit":"px","top":"0","right":"0","bottom":"30","left":"0","isLinked":""},"padding":{"unit":"px","top":"0","right":"0","bottom":"0","left":"20","isLinked":""},"padding_tablet":{"unit":"px","top":"0","right":"0","bottom":"0","left":"0","isLinked":"1"},"aux_animation_name":"aux-fade-in-right","aux_animation_duration":"1500","aux_animation_delay":"200","aux_animation_easing":"0.165,0.84,0.44,1"},"elements":[{"id":"2ffe4d02","settings":{"title":"Visit Link","header_size":"h4","__dynamic__":[],"typography_typography":"custom","typography_font_size":{"unit":"px","size":"20","sizes":[]},"typography_font_weight":"bold","typography_line_height":{"unit":"em","size":"1.25","sizes":[]},"_margin":{"unit":"px","top":"0","right":"0","bottom":"18","left":"0","isLinked":""},"align_mobile":"center","title_color":"#FFFFFF"},"elements":[],"isInner":false,"widgetType":"heading","elType":"widget"},{"id":"24971737","settings":{"icon_list":[{"text":"Privacy","selected_icon":{"value":"","library":""},"_id":"48e0526","link":{"url":"#","is_external":"","nofollow":"","custom_attributes":""}},{"text":"Terms &amp; Conditions","selected_icon":{"value":"","library":""},"_id":"275c51a","link":{"url":"#","is_external":"","nofollow":"","custom_attributes":""}}],"space_between":{"unit":"px","size":"14","sizes":[]},"icon_typography_typography":"custom","icon_typography_font_size":{"unit":"px","size":"16","sizes":[]},"icon_typography_line_height":{"unit":"em","size":"1.5","sizes":[]},"__dynamic__":[],"icon_align_mobile":"center","text_color":"#ABAFC7","__globals__":{"icon_color":"","text_color_hover":"globals\/colors?id=primary"},"custom_css":"selector .elementor-icon-list-text{\n    transition: all 300ms ease-out;\n}"},"elements":[],"isInner":false,"widgetType":"icon-list","elType":"widget"}],"isInner":"","elType":"column"},{"id":"6d8f7565","settings":{"_column_size":"20","_inline_size":"17","_inline_size_tablet":"50","margin_tablet":{"unit":"px","top":"0","right":"0","bottom":"30","left":"0","isLinked":""},"padding":{"unit":"px","top":"0","right":"0","bottom":"0","left":"20","isLinked":""},"padding_tablet":{"unit":"px","top":"0","right":"0","bottom":"0","left":"0","isLinked":"1"},"aux_animation_name":"aux-fade-in-right","aux_animation_duration":"1500","aux_animation_delay":"600","aux_animation_easing":"0.165,0.84,0.44,1"},"elements":[{"id":"47cf375e","settings":{"title":"Company","header_size":"h4","__dynamic__":[],"typography_typography":"custom","typography_font_size":{"unit":"px","size":"20","sizes":[]},"typography_font_weight":"bold","typography_line_height":{"unit":"em","size":"1.25","sizes":[]},"_margin":{"unit":"px","top":"0","right":"0","bottom":"18","left":"0","isLinked":""},"align_mobile":"center","title_color":"#FFFFFF"},"elements":[],"isInner":false,"widgetType":"heading","elType":"widget"},{"id":"58f7e80","settings":{"menu_slug":"footer-menu","type":"vertical","indicator":"","menu_item_typo_typography":"custom","menu_item_typo_font_size":{"unit":"px","size":"16","sizes":[]},"menu_item_typo_text_transform":"capitalize","menu_item_typo_line_height":{"unit":"em","size":"1.5","sizes":[]},"item_padding":{"unit":"px","top":"0","right":"0","bottom":"14","left":"0","isLinked":""},"__dynamic__":[],"display_burger":"custom","breakpoint":{"unit":"px","size":"","sizes":[]},"align_mobile":"center","item_color":"#ABAFC7","menu_item_current_typography_typography":"custom","__globals__":{"item_hover_color":"globals\/colors?id=primary"}},"elements":[],"isInner":false,"widgetType":"aux_menu_box","elType":"widget"}],"isInner":"","elType":"column"},{"id":"547d95be","settings":{"_column_size":"20","_inline_size":"17","_inline_size_tablet":"50","margin_tablet":{"unit":"px","top":"0","right":"0","bottom":"30","left":"0","isLinked":""},"padding":{"unit":"px","top":"0","right":"0","bottom":"0","left":"20","isLinked":""},"padding_tablet":{"unit":"px","top":"0","right":"0","bottom":"0","left":"0","isLinked":""},"aux_animation_name":"aux-fade-in-right","aux_animation_duration":"1500","aux_animation_delay":"800","aux_animation_easing":"0.165,0.84,0.44,1"},"elements":[{"id":"7990b627","settings":{"title":"Contact","header_size":"h4","__dynamic__":[],"typography_typography":"custom","typography_font_size":{"unit":"px","size":"20","sizes":[]},"typography_font_weight":"bold","typography_line_height":{"unit":"em","size":"1.25","sizes":[]},"_margin":{"unit":"px","top":"0","right":"0","bottom":"18","left":"0","isLinked":""},"align_mobile":"center","title_color":"#FFFFFF"},"elements":[],"isInner":false,"widgetType":"heading","elType":"widget"},{"id":"442f99f9","settings":{"icon_list":[{"text":"+99 (0) 101 0000 888 ","selected_icon":{"value":"","library":""},"_id":"48e0526"},{"text":"Info@yourdomain.com","selected_icon":{"value":"","library":""},"_id":"275c51a"}],"space_between":{"unit":"px","size":"5","sizes":[]},"icon_typography_typography":"custom","icon_typography_font_size":{"unit":"px","size":"16","sizes":[]},"icon_typography_line_height":{"unit":"em","size":"1.5","sizes":[]},"__dynamic__":[],"icon_align_mobile":"center","text_color":"#ABAFC7"},"elements":[],"isInner":false,"widgetType":"icon-list","elType":"widget"}],"isInner":"","elType":"column"},{"id":"655ae8ed","settings":{"_column_size":"20","_inline_size":"-8.385","_inline_size_tablet":"50","margin_tablet":{"unit":"px","top":"0","right":"0","bottom":"30","left":"0","isLinked":""},"padding":{"unit":"px","top":"0","right":"0","bottom":"0","left":"20","isLinked":""},"padding_tablet":{"unit":"px","top":"0","right":"0","bottom":"0","left":"0","isLinked":""},"aux_animation_name":"aux-fade-in-right","aux_animation_duration":"1500","aux_animation_delay":"1000","aux_animation_easing":"0.165,0.84,0.44,1"},"elements":[{"id":"655aaf9d","settings":{"title":"Address","header_size":"h4","__dynamic__":[],"typography_typography":"custom","typography_font_size":{"unit":"px","size":"20","sizes":[]},"typography_font_weight":"bold","typography_line_height":{"unit":"em","size":"1.25","sizes":[]},"_margin":{"unit":"px","top":"0","right":"0","bottom":"18","left":"0","isLinked":""},"align_mobile":"center","title_color":"#FFFFFF"},"elements":[],"isInner":false,"widgetType":"heading","elType":"widget"},{"id":"4799201c","settings":{"editor":"<p>Patricia Amedee 4401 Waldeck Street Grapevine Nashville, Tx 76051<\/p>","typography_typography":"custom","typography_font_size":{"unit":"px","size":"16","sizes":[]},"typography_line_height":{"unit":"em","size":"1.5","sizes":[]},"__dynamic__":[],"_padding":{"unit":"%","top":"0","right":"35","bottom":"0","left":"0","isLinked":""},"align_mobile":"center","_padding_mobile":{"unit":"px","top":"0","right":"0","bottom":"0","left":"0","isLinked":""},"text_color":"#ABAFC7"},"elements":[],"isInner":false,"widgetType":"text-editor","elType":"widget"}],"isInner":"","elType":"column"}],"isInner":"","elType":"section"},{"id":"68554e2d","settings":{"gap":"no","background_background":"classic","padding":{"unit":"px","top":"0","right":"35","bottom":"0","left":"35","isLinked":""},"__dynamic__":[],"margin":{"unit":"px","top":"0","right":"0","bottom":"0","left":"0","isLinked":""},"__globals__":{"background_color":"globals\/colors?id=text"}},"elements":[{"id":"7f46ce21","settings":{"_column_size":"100","content_position":"center","align":"space-between","align_mobile":"center","border_border":"solid","border_width":{"unit":"px","top":"1","right":"0","bottom":"0","left":"0","isLinked":""},"border_color":"#FFFFFF4D","padding":{"unit":"px","top":"40","right":"0","bottom":"40","left":"0","isLinked":""}},"elements":[{"id":"2e3a4f44","settings":{"copyright_text":"Copyright &copy; {{Y}} phlox. All Rights Reserved.","align_mobile":"center","copyright_color":"#ABAFC7","copyright_typo_typography":"custom","copyright_typo_font_size":{"unit":"px","size":"16","sizes":[]},"copyright_typo_line_height":{"unit":"em","size":"1.5","sizes":[]},"_margin_mobile":{"unit":"px","top":"0","right":"0","bottom":"30","left":"0","isLinked":""},"_element_width":"auto","_element_width_mobile":"inherit"},"elements":[],"isInner":false,"widgetType":"aux_copyright","elType":"widget"},{"id":"779e6aa7","settings":{"social_icon_list":[{"social_icon":{"value":"fab fa-instagram","library":"fa-brands"},"_id":"63f06cd"},{"_id":"f8b20cb","social_icon":{"value":"fab fa-linkedin-in","library":"fa-brands"}},{"social_icon":{"value":"fab fa-facebook-f","library":"fa-brands"},"_id":"50b35af"},{"social_icon":{"value":"fab fa-twitter","library":"fa-brands"},"_id":"5813c2d"}],"align_mobile":"center","icon_color":"custom","icon_size":{"unit":"px","size":"20","sizes":[]},"icon_padding":{"unit":"em","size":"0","sizes":[]},"icon_spacing":{"unit":"px","size":"39","sizes":[]},"_element_width":"auto","custom_css":"selector .elementor-grid,selector .elementor-grid .elementor-grid-item:last-child a{\n    margin-right: 0;\n}\nselector .elementor-social-icon i {\n    transition: all 300ms ease-out\n}","__dynamic__":[],"icon_secondary_color":"#FFFFFF","__globals__":{"icon_primary_color":"globals\/colors?id=text","hover_secondary_color":"globals\/colors?id=primary"},"_element_width_mobile":"inherit"},"elements":[],"isInner":false,"widgetType":"social-icons","elType":"widget"}],"isInner":"","elType":"column"}],"isInner":"","elType":"section"}],"page_settings":[],"version":"0.4","title":"Footer Phlox","type":"footer"}