{"content":[{"id":"3e15f8e","settings":{"gap":"no","padding":{"unit":"px","top":"0","right":"35","bottom":"0","left":"35","isLinked":""}},"elements":[{"id":"158a330c","settings":{"_column_size":"100","content_position":"center","align":"space-between"},"elements":[{"id":"75a35dcd","settings":{"_element_width":"auto","_margin":{"unit":"px","top":"0","right":"0","bottom":"0","left":"-50","isLinked":""},"flex_grow":"1","aux_animation_name":"aux-scale-down","aux_animation_duration":2500,"aux_animation_easing":"0.77,0,0.175,1"},"elements":[],"isInner":false,"widgetType":"aux_logo","elType":"widget"},{"id":"6c051cca","settings":{"menu_slug":"header-menu","splitter":"","indicator":"","menu_item_typo_typography":"custom","menu_item_typo_font_size":{"unit":"px","size":"16","sizes":[]},"menu_item_typo_text_transform":"capitalize","menu_item_typo_line_height":{"unit":"em","size":"1.5","sizes":[]},"item_padding":{"unit":"px","top":"0","right":"0","bottom":"0","left":"40","isLinked":""},"_element_width":"auto","__globals__":{"item_color":"globals\/colors?id=text","fullscr_bg_color":"globals\/colors?id=primary","fullscr_item_hover_color":"globals\/colors?id=secondary","burger_btn_color":""},"display_burger":"custom","breakpoint":{"unit":"px","size":"900","sizes":[]},"burger_menu_location":"overlay","menu_item_current_typography_typography":"custom","menu_item_current_typography_font_weight":"bold","fullscr_bg_background":"classic","fullscr_close_btn_border_color":"#FFFFFF","fullscr_close_btn_symbol_color":"#FFFFFF","fullscr_item_color":"#FFFFFF","fullscr_menu_item_typo_typography":"custom","fullscr_menu_item_typo_font_size":{"unit":"px","size":"22","sizes":[]},"fullscr_item_padding":{"unit":"px","top":"0","right":"0","bottom":"30","left":"0","isLinked":""},"custom_css":"selector .aux-panel-close{\n    margin-top:50px;\n}","item_color":"#081420","fullscr_item_hover_color":"#FD346E","fullscr_bg_color":"#6001D3","aux_animation_name":"aux-fade-in","aux_animation_duration":2000,"aux_animation_delay":900,"aux_animation_easing":"0.25,0.46,0.45,0.94"},"elements":[],"isInner":false,"widgetType":"aux_menu_box","elType":"widget"},{"id":"caca9c4","settings":{"label":"Get Started","btn_bg_normal_background":"classic","btn_box_shadow_normal_box_shadow_type":"yes","btn_box_shadow_normal_box_shadow":{"horizontal":"-10","vertical":"30","blur":"50","spread":"0","color":"rgba(95.99999999999984, 0.9999999999999869, 211, 0.30196078431372547)"},"btn_padding_normal":{"unit":"px","top":"13","right":"42","bottom":"12","left":"42","isLinked":""},"btn_border_radius_normal":{"unit":"px","top":"200","right":"200","bottom":"200","left":"200","isLinked":"1"},"btn_bg_hover_background":"classic","btn_box_shadow_hover_box_shadow_type":"yes","btn_box_shadow_hover_box_shadow":{"horizontal":"-10","vertical":"30","blur":"50","spread":"0","color":"rgba(253, 51.999999999999986, 109.99999999999996, 0.30196078431372547)"},"text_normal_typo_typography":"custom","text_normal_typo_font_size":{"unit":"px","size":"16","sizes":[]},"text_normal_typo_font_weight":"500","text_normal_typo_text_transform":"capitalize","text_normal_typo_line_height":{"unit":"em","size":"1.5","sizes":[]},"text_normal_color":"#FFFFFF","_margin":{"unit":"px","top":"-7","right":"0","bottom":"0","left":"40","isLinked":""},"_element_width":"auto","hide_mobile":"hidden-phone","__globals__":{"btn_bg_normal_color":"globals\/colors?id=primary","btn_bg_hover_color":"globals\/colors?id=secondary"},"aux_animation_name":"aux-fade-in-right-1","aux_animation_duration":2000,"aux_animation_easing":"0.77,0,0.175,1"},"elements":[],"isInner":false,"widgetType":"aux_modern_button","elType":"widget"}],"isInner":"","elType":"column"}],"isInner":"","elType":"section"}],"page_settings":[],"version":"0.4","title":"Header Phlox","type":"header"}