{"content":[{"id":"49d814ec","settings":{"gap":"no","background_background":"classic","margin":{"unit":"px","top":"-70","right":"0","bottom":"0","left":"0","isLinked":""},"padding":{"unit":"px","top":"170","right":"35","bottom":"0","left":"35","isLinked":""},"__globals__":{"background_color":"globals\/colors?id=5ef067a"}},"elements":[{"id":"7713f27d","settings":{"_column_size":"100"},"elements":[{"id":"282ae3bc","settings":{"title":"Portfolio","title_tag":"h5","alignment":"center","divider":"","title_secondary_before":"The Works We Are Proud Of","title_typography_typography":"custom","title_typography_font_size":{"unit":"px","size":"20","sizes":[]},"title_typography_font_weight":"bold","title_typography_text_transform":"capitalize","title_typography_line_height":{"unit":"em","size":"3.75","sizes":[]},"title_margin":{"unit":"px","top":"0","right":"0","bottom":"-10","left":"0","isLinked":""},"title2_typography_typography":"custom","title2_typography_font_size":{"unit":"px","size":"40","sizes":[]},"title2_typography_font_weight":"bold","title2_typography_line_height":{"unit":"em","size":"1.6","sizes":[]},"__globals__":{"title_color":"globals\/colors?id=secondary","title2_color":"globals\/colors?id=text"},"title_typography_font_size_mobile":{"unit":"px","size":"16","sizes":[]},"title2_typography_font_size_mobile":{"unit":"px","size":"30","sizes":[]},"title2_width_mobile":{"unit":"px","size":"210","sizes":[]},"_margin":{"unit":"px","top":"0","right":"0","bottom":"40","left":"0","isLinked":""},"title2_typography_line_height_mobile":{"unit":"em","size":"1.3","sizes":[]},"aux_animation_name":"aux-scale-down","aux_animation_duration":2500,"aux_animation_easing":"0.165,0.84,0.44,1"},"elements":[],"isInner":false,"widgetType":"aux_modern_heading","elType":"widget"},{"id":"b14f70c","settings":{"columns":"3","columns_tablet":"2","num":"12","show_filters":"","perpage":"12","img_border_radius":{"unit":"px","top":"20","right":"20","bottom":"20","left":"20","isLinked":"1"},"title_typography_typography":"custom","title_typography_font_size":{"unit":"px","size":"20","sizes":[]},"title_typography_font_weight":"bold","title_typography_line_height":{"unit":"em","size":"1.5","sizes":[]},"title_margin_bottom":{"unit":"px","size":"10","sizes":[]},"info_typography_typography":"custom","info_typography_font_size":{"unit":"px","size":"16","sizes":[]},"info_typography_text_transform":"capitalize","info_typography_font_style":"normal","info_typography_line_height":{"unit":"em","size":"1.5","sizes":[]},"info_margin_bottom":{"unit":"px","size":"0","sizes":[]},"custom_css":"selector .count-box{\n    display: none;\n}\nselector .hentry .entry-info{\n    margin-bottom: 0!important;\n}\n\nselector .aux-iso-item:hover .aux-media-image{\n    \n    box-shadow:-15px 30px 60px #70798B66;\n    transition: all 300ms ease-out;\n}\nselector .aux-isotope-animated{\n    overflow:visible;\n}","__globals__":{"title_color":"globals\/colors?id=text","info_color":"globals\/colors?id=text","filters_hover_color":"","info_hover_color":"globals\/colors?id=primary"},"title_color":"#081420","info_color":"#081420","aux_animation_name":"aux-fade-in","aux_animation_duration":200,"aux_animation_delay":200,"aux_animation_easing":"0.165,0.84,0.44,1"},"elements":[],"isInner":false,"widgetType":"aux_recent_portfolios_grid","elType":"widget"}],"isInner":"","elType":"column"}],"isInner":"","elType":"section"}],"page_settings":[],"version":"0.4","title":"Portfolio Phlox","type":"page"}