{"content":[{"id":"4a3ca173","settings":{"gap":"no","padding":{"unit":"px","top":"20","right":"35","bottom":"20","left":"35","isLinked":""}},"elements":[{"id":"5adf892f","settings":{"_column_size":"100"},"elements":[{"id":"70f8d250","settings":{"editor":"<p>when Gregor Samsa woke from troubled dreams, he found himself transformed in his bed into a horrible vermin. He lay on his armour-like back, and if he lifted his head a little he could see his brown belly, slightly domed and divided by arches into stiff sections. The bedding was hardly able to cover it and seemed ready to slide off any moment.<\/p>","text_color":"#1A1F2F","typography_typography":"custom","typography_font_size":{"unit":"px","size":"25","sizes":[]},"typography_font_weight":"600","typography_line_height":{"unit":"em","size":"1.5","sizes":[]},"typography_letter_spacing":{"unit":"px","size":"-0.75","sizes":[]}},"elements":[],"isInner":false,"widgetType":"text-editor","elType":"widget"}],"isInner":"","elType":"column"}],"isInner":"","elType":"section"},{"id":"5d732885","settings":{"gap":"no","structure":"20","margin":{"unit":"px","top":"0","right":"0","bottom":"70","left":"0","isLinked":""}},"elements":[{"id":"3fddc2e8","settings":{"_column_size":"50","margin":{"unit":"px","top":"0","right":"20","bottom":"0","left":"0","isLinked":""},"margin_mobile":{"unit":"px","top":"0","right":"0","bottom":"0","left":"0","isLinked":""}},"elements":[{"id":"35ebf3e3","settings":{"editor":"<p>Sed ut perspiciatis unde omnis iste natus error sit voluptatem accusantium doloremque laudantium, totam rem aperiam, eaque ipsa quae ab illo inventore veritatis et quasi architecto beatae vitae dicta sunt explicabo. Nemo enim ipsam voluptatem quia voluptas sit aspernatur aut odit aut fugit, sed quia consequuntur magni dolores eos qui ratione voluptatem sequi nesciunt.<\/p>","typography_typography":"custom","typography_font_size":{"unit":"px","size":"16","sizes":[]},"typography_line_height":{"unit":"em","size":"1.5","sizes":[]},"_padding":{"unit":"px","top":"0","right":"0","bottom":"10","left":"35","isLinked":""},"aux_max_width":{"unit":"px","size":"465","sizes":[]},"__globals__":{"text_color":"globals\/colors?id=text"}},"elements":[],"isInner":false,"widgetType":"text-editor","elType":"widget"},{"id":"2ba5b5cb","settings":{"image":{"url":"https:\/\/wp22.nayyarshaikh.com\/wp-content\/uploads\/2020\/11\/Gravity-Paper-Hot-Cup-Mockup-Preview.png","id":"10"},"image_size":"full","ribbon_text":"NEW","image_border_radius":{"unit":"px","top":"20","right":"20","bottom":"20","left":"20","isLinked":"1"},"image_box_shadow_box_shadow_type":"yes","image_box_shadow_box_shadow":{"horizontal":"0","vertical":"20","blur":"50","spread":"0","color":"rgba(119.99999999999999, 134.00000000000006, 162, 0.2)"}},"elements":[],"isInner":false,"widgetType":"aux_image","elType":"widget"}],"isInner":"","elType":"column"},{"id":"195d628a","settings":{"_column_size":"50","margin":{"unit":"px","top":"0","right":"0","bottom":"0","left":"20","isLinked":""},"margin_mobile":{"unit":"px","top":"0","right":"0","bottom":"0","left":"0","isLinked":""}},"elements":[{"id":"54260861","settings":{"editor":"<p>Sed ut perspiciatis unde omnis iste natus error sit voluptatem accusantium doloremque laudantium, totam rem aperiam, eaque ipsa quae ab illo inventore veritatis et quasi architecto beatae vitae dicta sunt explicabo. Nemo enim ipsam voluptatem quia voluptas sit aspernatur aut odit aut fugit, sed quia consequuntur magni dolores eos qui ratione voluptatem sequi nesciunt.<\/p>","typography_typography":"custom","typography_font_size":{"unit":"px","size":"16","sizes":[]},"typography_line_height":{"unit":"em","size":"1.5","sizes":[]},"_padding":{"unit":"px","top":"0","right":"35","bottom":"10","left":"0","isLinked":""},"aux_max_width":{"unit":"px","size":"465","sizes":[]},"__globals__":{"text_color":"globals\/colors?id=text"},"_padding_mobile":{"unit":"px","top":"0","right":"0","bottom":"10","left":"35","isLinked":""}},"elements":[],"isInner":false,"widgetType":"text-editor","elType":"widget"},{"id":"5669a395","settings":{"image":{"url":"https:\/\/wp22.nayyarshaikh.com\/wp-content\/uploads\/2020\/11\/Invitation-Estationery-Presentation-Mockup-Preview.png","id":"9"},"image_size":"full","ribbon_text":"NEW","image_border_radius":{"unit":"px","top":"20","right":"20","bottom":"20","left":"20","isLinked":"1"},"image_box_shadow_box_shadow_type":"yes","image_box_shadow_box_shadow":{"horizontal":"0","vertical":"20","blur":"50","spread":"0","color":"rgba(119.99999999999999, 134.00000000000006, 162, 0.2)"}},"elements":[],"isInner":false,"widgetType":"aux_image","elType":"widget"}],"isInner":"","elType":"column"}],"isInner":"","elType":"section"},{"id":"5c1b60d9","settings":{"gap":"no","margin":{"unit":"px","top":"0","right":"0","bottom":"50","left":"0","isLinked":""},"padding":{"unit":"px","top":"0","right":"35","bottom":"0","left":"35","isLinked":""}},"elements":[{"id":"7d1d3583","settings":{"_column_size":"100"},"elements":[{"id":"793181a1","settings":{"editor":"<p>For the fiscal year ended May 31, 2005, revenues increased 12 percent to $13.7 billion, compared to $12.3 billion in fiscal year 2004. Changes in currency exchange rates contributed three percentage points of this growth, while the acquisition of Converse and Starter added one point. Full year net income was up 28 percent to $1.2 billion, or $4.48 per diluted share, versus $945.6 million, or $3.51 per diluted share, in 2004.<\/p>","typography_typography":"custom","typography_font_size":{"unit":"px","size":"16","sizes":[]},"typography_line_height":{"unit":"em","size":"1.5","sizes":[]},"__globals__":{"text_color":"globals\/colors?id=text"}},"elements":[],"isInner":false,"widgetType":"text-editor","elType":"widget"}],"isInner":"","elType":"column"}],"isInner":"","elType":"section"},{"id":"25a219d0","settings":{"background_background":"classic","background_color":"#FFFFFF","margin":{"unit":"px","top":"0","right":"0","bottom":"-50","left":"0","isLinked":""},"padding":{"unit":"px","top":"55","right":"60","bottom":"55","left":"90","isLinked":""},"border_radius":{"unit":"px","top":"20","right":"20","bottom":"20","left":"20","isLinked":"1"},"padding_tablet":{"unit":"px","top":"55","right":"55","bottom":"55","left":"55","isLinked":"1"},"padding_mobile":{"unit":"px","top":"50","right":"35","bottom":"50","left":"35","isLinked":""}},"elements":[{"id":"57f3babe","settings":{"_column_size":"100","content_position":"center","align":"space-between"},"elements":[{"id":"28d74b1","settings":{"title":"Client","title_tag":"h5","divider":"","title_secondary_before":"Delta","title_tag_secondary":"h4","title_typography_typography":"custom","title_typography_font_size":{"unit":"px","size":"16","sizes":[]},"title_typography_line_height":{"unit":"em","size":"1.5","sizes":[]},"title_margin":{"unit":"px","top":"0","right":"0","bottom":"10","left":"0","isLinked":""},"title2_typography_typography":"custom","title2_typography_font_size":{"unit":"px","size":"20","sizes":[]},"title2_typography_font_weight":"bold","title2_typography_line_height":{"unit":"em","size":"1.15","sizes":[]},"title2_color":"#1A1F2F","_element_width":"auto","__globals__":{"title_color":"globals\/colors?id=accent"},"alignment_tablet":"center","title_typography_font_weight":"300","title2_typography_font_size_mobile":{"unit":"px","size":"16","sizes":[]}},"elements":[],"isInner":false,"widgetType":"aux_modern_heading","elType":"widget"},{"id":"305a7062","settings":{"title":"Release Date","title_tag":"h5","divider":"","title_secondary_before":"Feb 2019","title_tag_secondary":"h4","title_typography_typography":"custom","title_typography_font_size":{"unit":"px","size":"16","sizes":[]},"title_typography_line_height":{"unit":"em","size":"1.5","sizes":[]},"title_margin":{"unit":"px","top":"0","right":"0","bottom":"10","left":"0","isLinked":""},"title2_typography_typography":"custom","title2_typography_font_size":{"unit":"px","size":"20","sizes":[]},"title2_typography_font_weight":"bold","title2_typography_line_height":{"unit":"em","size":"1.15","sizes":[]},"title2_color":"#1A1F2F","_element_width":"auto","__globals__":{"title_color":"globals\/colors?id=accent"},"alignment_tablet":"center","title_typography_font_weight":"300","title2_typography_font_size_mobile":{"unit":"px","size":"16","sizes":[]}},"elements":[],"isInner":false,"widgetType":"aux_modern_heading","elType":"widget"},{"id":"38796d29","settings":{"title":"Role","title_tag":"h5","divider":"","title_secondary_before":"App Design","title_tag_secondary":"h4","title_typography_typography":"custom","title_typography_font_size":{"unit":"px","size":"16","sizes":[]},"title_typography_line_height":{"unit":"em","size":"1.5","sizes":[]},"title_margin":{"unit":"px","top":"0","right":"0","bottom":"10","left":"0","isLinked":""},"title2_typography_typography":"custom","title2_typography_font_size":{"unit":"px","size":"20","sizes":[]},"title2_typography_font_weight":"bold","title2_typography_line_height":{"unit":"em","size":"1.15","sizes":[]},"title2_color":"#1A1F2F","_element_width":"auto","__globals__":{"title_color":"globals\/colors?id=accent"},"alignment_tablet":"center","title_typography_font_weight":"300","title2_typography_font_size_mobile":{"unit":"px","size":"16","sizes":[]}},"elements":[],"isInner":false,"widgetType":"aux_modern_heading","elType":"widget"},{"id":"34aace85","settings":{"label":"Launch Project","btn_align":"center","btn_bg_normal_background":"classic","btn_box_shadow_normal_box_shadow_type":"yes","btn_box_shadow_normal_box_shadow":{"horizontal":"-15","vertical":"20","blur":"40","spread":"0","color":"rgba(95.99999999999984, 0.9999999999999869, 211, 0.30196078431372547)"},"btn_padding_normal":{"unit":"px","top":"20","right":"49","bottom":"20","left":"49","isLinked":""},"btn_border_radius_normal":{"unit":"px","top":"30","right":"30","bottom":"30","left":"30","isLinked":"1"},"btn_bg_hover_background":"classic","btn_box_shadow_hover_box_shadow_type":"yes","btn_box_shadow_hover_box_shadow":{"horizontal":"-15","vertical":"20","blur":"40","spread":"0","color":"rgba(253, 51.999999999999986, 109.99999999999996, 0.30196078431372547)"},"text_normal_typo_typography":"custom","text_normal_typo_font_size":{"unit":"px","size":"16","sizes":[]},"text_normal_typo_letter_spacing":{"unit":"px","size":"-0.32","sizes":[]},"_margin":{"unit":"px","top":"0","right":"0","bottom":"0","left":"250","isLinked":""},"_element_width":"auto","__globals__":{"btn_bg_normal_color":"globals\/colors?id=primary","btn_bg_hover_color":"globals\/colors?id=secondary"},"_margin_tablet":{"unit":"px","top":"25","right":"0","bottom":"0","left":"0","isLinked":""},"_element_width_tablet":"inherit"},"elements":[],"isInner":false,"widgetType":"aux_modern_button","elType":"widget"}],"isInner":"","elType":"column"}],"isInner":"","elType":"section"}],"page_settings":[],"version":"0.4","title":"Portfolio Template","type":"page"}